Name,Comment,Time,Likes,Reply Count
StephIsCold,"https://www.stephoniscold.com/5things

Join Patreon.com/StephIsCold 

Instagram.com/StephIsCold",2020-06-29T18:31:23Z,47,5
Elevated Soul,Mother expresses how my father and grandfather had multiple woman and how they were selfish. ğŸ¤” Yet these were men they choose to continually pursue. ğŸ¤·ğŸ¿â€â™‚ï¸ It is what it is,2020-07-24T01:59:04Z,0,
Christian Zilla,Whats the song in intro,2020-07-20T18:21:19Z,0,
DT,"""You know i always liked you"" ğŸ¤£ğŸ¤£ğŸ¤£. Me- I know. Bend over and arch that back. Hit Bout 3 times and then im out. Lol",2020-07-04T17:36:48Z,0,
hella banz,Thank you for the truth neva stop,2020-06-30T09:03:16Z,1,
TraderOfGods GT,"nvm, I feel stupid for asking what a 304 is now",2022-07-14T19:50:55Z,0,0
Heisenberg,"""The moment you fall for her trap, it's a wrap"" - Pastor Steph",2022-06-25T21:47:40Z,0,0
LEVI CHINO,ğŸ’¯ğŸ’¯ğŸ’¯ğŸ’¯ğŸ’¯,2022-05-12T18:41:40Z,0,0
James Pain,â€œ whatâ€™s a 304 ??? â€œ ğŸ˜‚ğŸ˜‚ğŸ˜‚ğŸ˜‚ you a fool Steph,2022-05-09T03:54:53Z,0,0
Angel I G-S,My cousin put me on to Stephiscold. Not gonna lie. Heâ€™s speaking facts. You think sheâ€™s not like that but youâ€™ll eventually realize that your just been stupid. You lie to yourself everyday. You give her power to your life everyday. You have to stand on your man hood and have no expectations for the disrespect. These type of girls will squeeze your energy your pockets and your time. The moment she feels like you have nothing else to offer I promise. She will leave and blame you. And if your dumb enough to believe it youâ€™ll always will be step on and laughed at. You have to accept it and move on. You took an L oh well lesson learn not the end bro. Work on yourself.,2022-05-07T01:21:10Z,0,0
D,Iâ€™ve accepted this and Iâ€™m enjoying the new me,2022-03-31T13:18:45Z,0,0
Fahn Fahn,It hurts to know the reason you got hurt is because you're forwards,2022-03-19T01:25:51Z,0,0
me me,Never ever believe anything a woman says. The exact opposite of what they say is what they want,2022-03-01T16:05:20Z,1,0
Double M 11/08,"It pisses me off that women choose the men who are assholes toward them, whoâ€™ll abuse them and shit like that instead of dating a nice guy. Iâ€™ll never understand why some women are like that. This generation of dating sucks. Since when did it become a bad thing to be â€œtoo niceâ€ to a woman? If she wants me to change ha good riddance. Another thing that pisses me off is the term â€œsimpâ€. Who came up with that lame word anyway? I bet some immature, little boy.",2022-02-17T21:59:50Z,2,0
Alicia ğŸ—ï¸,I wish u did videos for women ğŸ˜‚ cuz u for sure speak straight facts ğŸ’¯ i laughed a few times watching this bc a lot of it is just true. Esp the part when u said after a break up the girl goes to the guy shes always lusted over cuzzzzz yea. I like watching these videos to see how yall b thinking. I just like learning about human psychology in general and the way the mind works ğŸ¤·ğŸ»â€â™€ï¸You should think about doing a channel for women too ğŸ˜‚ we need you too ğŸ˜‚,2022-01-16T13:28:59Z,0,0
Bj Spinks,ğŸ’¯ğŸ’¯ğŸ’¯,2022-01-06T00:21:19Z,0,0
SHIKO,Love you dude not in a gay way though,2021-12-29T14:04:01Z,0,0
Davie Dood,Women love competing against other's. It boost their egos when they WIN against other fine @ss girls. Makes them feel like a celebrity or something. Status. He must have something for all these girls to want him and I won etc.,2021-12-24T03:44:58Z,2,1
Davie Dood,U gotta take the opposite of what they say. It's the opposite game with them. They can't say out loud what they really feel bc it makes them look cheap and easy.,2021-12-24T03:46:43Z,1,
Keonte' williams,"man g, knowing how to maneuver w/ the game to make sure you win at all times is the best advice i couldâ€™ve ever got",2021-12-04T19:35:20Z,0,0
Sean Moyo,Mannn you been helping me,2021-11-24T06:38:28Z,0,0
Super Saiyan,This only 23 ğŸ˜‚ğŸ˜‚,2021-11-22T22:22:14Z,0,0
Danny Livingstone,We need your knowledge and the reminders of what we know deep down already  bro. Never stop ğŸ›‘,2021-09-30T01:32:39Z,0,0
Unknown 3000,It's simple women  think backwards that's why they like it from the back,2021-09-24T08:02:26Z,0,0
SharrpSh00ter100,Fax!,2021-09-03T17:39:20Z,0,0
TJ,Because their basically just being used to attract more girls like a porsch or a fancy car?,2021-08-05T18:31:21Z,0,0
TJ,That may be true but a lot of times aren't women basically k wasting their life by being with toxic males,2021-08-05T18:29:36Z,0,0
Bryson Strong,All u hear a lot is â€œtoxicâ€....imma grown ass man ....tf I look like playing emotional games....I got better stuff to do,2021-07-22T11:48:07Z,1,2
Bryson Strong,"@Directedbyrob bruh itâ€™s not that , I donâ€™t adjust myself to fitting what that want or love .....itâ€™s about being who u are n they can either accept or move tf on ...Iâ€™m not put on this earth to indulge in their weird, childish fantasies .....as a Man U supposed to stand on that ....if they want me , they donâ€™t have a choice but to accept it",2021-07-22T23:10:05Z,1,
Directedbyrob,youâ€™ll never win then g,2021-07-22T15:32:08Z,0,
ScarPlayz 14,This video unlocked my brain,2021-07-20T13:46:52Z,0,0
Hope-Jr Webber,.,2021-07-10T11:20:45Z,0,0
Black Pill,Iâ€™m the guest star in the soap opera where your girl cheat on you.,2021-05-28T19:25:59Z,0,0
WILLIAMS USIFOH,What's the name of the intro track?,2021-05-11T15:25:20Z,0,0
Christoofunny G,ğŸ”¥,2021-05-01T13:04:34Z,0,0
Kali Samsara,"Lmao
You're right bro",2021-04-15T00:34:25Z,0,0
morning glory.,Me here watching this video to find red flags and never date a guy like that âœ¨~,2021-04-07T10:13:19Z,0,0
Thorithoo 504,Muchas gracias stephls por tus videos en un futuro  espero pongas subtitulos en espaÃ±ol  bendiciones âœŠ,2021-04-07T07:43:09Z,0,0
Olwethu Shabangu,"I believe in patterns not words. If it walks like a B dresses like a B attitude of a B, it is a B.",2021-03-29T14:16:46Z,0,0
SOOTHING RAIN SOUNDS FOR LIFE,i got it 7:48,2021-03-22T20:00:18Z,0,0
SiMbaVTV Entertainment,As of 2021 March 18 women are Now admitting to liking toxicity I just I had one tell me straight up,2021-03-18T16:38:57Z,0,0
NikeBoaSwooshedUpCoppin,They arent good ppl and they have to hide it then no?,2021-03-09T02:06:55Z,0,0
Lawrence Tierney,Steph the mannn,2021-02-10T23:02:12Z,0,0
Perkedout,No point of dating of getting in a  relationship,2021-02-07T23:23:56Z,2,0
Graphic tips,What she complains about is what she love. Copy dat,2021-02-06T12:34:30Z,0,0
Siyasang Gamalihleli Ntombini,Cold truth from Steph,2021-01-22T15:35:13Z,0,0
Giorno,"Dad: Girl's want alot of things and it's disgusting 
Son: love ğŸ¥°
Dad: THE FUCK NOğŸ˜‘
(Shows son a picture of what female's wantğŸ†ğŸ†ğŸ†ğŸ†ğŸ†ğŸ†ğŸ†ğŸ†ğŸ†ğŸ†)
Son:ğŸ˜¨",2021-01-16T02:59:27Z,0,1
Impetus Creations,Is true...yuh cold fi real...Bumboclaat star.,2021-01-01T03:40:36Z,0,0
spacepod100,ive literally lost faith in females at this point,2020-12-21T15:35:27Z,7,0
Luh Reil,Fax,2020-12-09T19:12:02Z,0,0
DarwinGabriel Palacios,Can anyone let me know what was the song in the start of the video,2020-12-07T02:25:13Z,0,0
Rashod Johnson,bro this one girl told me i know you got hoes she said as long as she is the favorite its fine.,2020-11-29T06:38:50Z,3,0
Trvde !,Iâ€™m naturally toxic and I been having a chick in my rotation for 2 years she just keep coming back after I dog her out,2020-11-28T23:12:22Z,4,0
chipo dube,I used logic on this woman and she got all up in her feelings and called me bad,2020-11-24T00:02:55Z,1,0
GinDGinnest,â€”___â€”,2020-11-11T19:36:14Z,0,0
einsiLOL,Who hurt youğŸ˜”,2020-11-06T12:36:59Z,1,0
Ewan McCoubrey,So donâ€™t give a shit or control her? Iâ€™m confused,2020-10-30T01:11:21Z,0,1
Basi Dan,Not giving a shit is controlling her,2021-03-14T11:51:18Z,0,
M Marcjp,It seems like the more I treat my ex bad the more she come back. I never understand that.,2020-10-29T18:14:15Z,1,0
Joe Mac,"Another great video player!! LMFAO @ the ""304"" comment!!!!",2020-10-26T03:25:01Z,0,0
Jdp_ 1597,"Shawty loves toxic men so they have something to post of social media, thats why i ""scare"" off some women becuz im laid back drama free and focusing on my business that help me weed out the bad ones",2020-10-16T19:55:24Z,6,0
 Subliminals ğŸŒğŸŒ¬,304s are backwards lol shit I started laughing after I connected a few dotsğŸ˜¥,2020-10-16T13:37:41Z,0,0
Francois Nel,"I heard that. Girl told me all she wants is good sex / multiple orgasms.  Not acted on it though, on MGTOW vibes at the moment.",2020-10-07T21:25:15Z,1,0
K. TouÎ£Î£aint,A 304 is a hoe for those who struggling with that lol,2020-10-06T08:49:15Z,0,0
Ben Tribelli,Dang man. This is so crazily true.,2020-10-06T02:38:02Z,0,0
Anna St.,I love the red dooragâ¤,2020-10-02T04:54:23Z,0,0
victoria zyskowski,"Donâ€™t know how I stumbled upon this but let me tell anyone watching this and listening to this. You will never understand a woman. Women who like toxic men have been abused by their fathers and look for validation from people who either abuse them or ignore them like their fathers. Stop feeling pity for urself because you canâ€™t get the 10 you want and stop obsessing over these kinds of videos first of all. Be clean kind and have a good personality. You can get a clean kind and good woman then. Trust me when I say this, ur not an alpha male if you even have the word alpha male in ur vocabulary",2020-09-29T18:46:04Z,1,0
Jeeb.thatruth,Brah you only 22? Thought you was bout 26,2020-09-23T16:08:42Z,0,0
Brendan Fogel,She a simp for me but I ainâ€™t simp for her. Bih loves me bruhğŸ˜­ğŸ˜­ğŸ˜­.,2020-09-21T21:22:25Z,1,2
kawaiiwaste,thats how it should be bro,2020-11-05T17:33:18Z,1,
Book Of T,it be like thatğŸ˜­ğŸ˜­ğŸ’€,2020-10-16T20:50:14Z,2,
Montgomery Travis,everything that you said in this video describes my last relationship smh. I was such a bitch and it makes me so mad,2020-09-18T01:45:49Z,1,0
Kyle Coronado,"When I was about your age Steph, I had a coworker say she just wanted me for a digging stick. Idk if that will ever happen again lol",2020-09-14T17:59:49Z,1,0
Jahmier Quayson,To all the guys watching have fun with women but be careful on which one yâ€™all choose too start a family with,2020-09-06T22:37:43Z,2,0
Christopher Lewis,"Wellllllll....I had a woman tell me she wanted to have fun and get fuck. Then talking about, omg I can't believe I said that. I took full advantage of it. ğŸ˜‚ğŸ˜‚",2020-09-01T12:29:07Z,0,0
Seb Zag,check out the story of sampson from the bible.,2020-09-01T09:00:12Z,0,0
Seb Zag,ey steph. they always been that way from the beginning. good stuff man.,2020-09-01T08:52:10Z,0,0
Cameron Jones,â€œTo the thing that they dewâ€,2020-08-29T05:03:16Z,0,0
IH331,"This is amazing life saving content. I'm 40, found the red pill at 38. Wish I had this advice when I was 16 but at least I can share this with my son.Also got your Patreon.",2020-08-27T15:39:26Z,13,0
Sammi,ğŸ”¥ğŸ”¥,2020-08-26T20:53:26Z,0,0
Russ504,Yo steph next time you go live bro ima call in. Got some good questions bro,2020-08-23T03:16:27Z,0,0
Profonics Gaming,Itâ€™s funny getting them on camera thatâ€™s not me itâ€™s my twin lol if I get cheated on and I stay thatâ€™s danger bitch,2020-08-22T11:42:53Z,0,0
WE NEED LAUGH,cold,2020-08-18T07:02:35Z,0,0
Marz Mindset,ğŸ¤”ğŸ¤”ğŸ¤”,2020-08-08T13:28:51Z,0,0
Matthew Pool,Good passion bro.,2020-07-31T23:05:06Z,0,0
Tiffany Blaho,"I wanted to dislike your video because I said oh heâ€™s saying that so harshly. But I canâ€™t dislike it because you are correct. The man that I love with my whole heart is the man that my friends couldnâ€™t understand why I was talking to him. They said he was ugly, he was nerdy, he was built nice but his legs are a little skinny etc etc. But none of that mattered to me because I saw the king in him. I saw that he was a good man. Not a toxic dude but a true honest good man. Just in the way he approached was different. I loved our conversations, our dates and just him in general. And Iâ€™m not content with him, Iâ€™m happy and I spend every moment trying to reciprocate that back to him. But my friends are still doing the same, and mad about it but they refuse to change. So for the ramble but I just wanted to say, you are right and Iâ€™m sharing your video with them because they need to hear it.",2020-07-28T18:54:15Z,5,3
Basethagod,@Tiffany Blaho so you want more in other words,2021-03-08T12:18:14Z,0,
Tiffany Blaho,"@Basethagod Iâ€™m confused by your question. Yes Iâ€™m happy. I said that in my comment. Iâ€™m not just content with him (like settling), Iâ€™m actually very happy with him.",2021-03-08T07:10:24Z,0,
Basethagod,so your not happy with ur nice man?,2021-03-08T05:05:26Z,0,
I ROFL'D MY LOLS OFF,Damn Stephanie you cold as hell.,2020-07-25T08:54:13Z,0,0
Team chang,I just typed â€œ304â€ in my calculator and turned it upside down ğŸ˜‚ğŸ˜‚ğŸ˜‚,2020-07-24T22:54:38Z,35,2
Omariyo13,ğŸ˜‚ğŸ˜‚,2021-04-11T19:14:51Z,2,
Vitiko Gaming,"i remember when i was younger i believed in monogamy, i had this one girl. she turned me out, she made me drop all the girls i was talking to! took me out of my flow state. shit harmed me 5-6 years! fk!",2020-07-24T00:02:50Z,4,0
AlphaSuperior,"For, 22 years you seem very mature.",2020-07-20T17:45:20Z,2,0
Charles Rivers,"I feel like woman are like mini versions of Lilith, we definitely gta stay aware and be on point,",2020-07-19T20:46:30Z,1,1
Uncle mel,"Adams first wife, people not hip that be. Drop that knowledge man ğŸ‘Š",2020-12-25T06:54:45Z,0,
MLS RISE,my ngga u look 29,2020-07-19T19:08:36Z,1,0
Hip Hop Kandy Shop,Real shit ğŸ’¯ğŸ’¯ğŸ’¯,2020-07-19T06:10:58Z,0,0
Jeremy Baret,Steph when you say a chick is strap what do you mean?,2020-07-18T12:37:24Z,0,0
misty peek,"This literally happened to me last week with an old friend from high school, she hit me with the â€œI liked you for so longâ€ğŸ˜‚ like bitch no tf u didnâ€™t",2020-07-15T15:04:36Z,9,0
Vanilla,Bruh I had a very attractive girl in my customer service class sayâ€ If I canâ€™t control you I donâ€™t want youâ€ at the time It didnâ€™t really ring any bells. But now that shit makes a lot of sense.,2020-07-15T06:09:16Z,1,0
UNTAMEDJAY,â€œAll of a suddenâ€ I felt that part a lil too much,2020-07-13T11:51:26Z,3,0
Derrick Davis,Teach me Sensei..I fuck with this.,2020-07-12T17:52:49Z,0,0
V L,I knew I wasnâ€™t trippin,2020-07-09T15:03:09Z,0,0
Der Goat Highscore,What is a 304 man Iâ€˜m from Germany ğŸ˜‚,2020-07-09T12:15:35Z,0,0
King Baller,Turn it upside down on the calculator ğŸ˜‚ğŸ˜‚ğŸ˜‚,2020-07-08T23:41:49Z,0,0
Christmas Gach,First time I ever heard the term 304 ğŸ˜‚,2020-07-07T19:51:43Z,0,0
Pap,Steph = GOAT ğŸ,2020-07-07T17:54:07Z,0,0
dynamic,Respect Steph.,2020-07-07T10:53:09Z,0,0
Matthew Ross,He just speaks the truth,2020-07-07T03:17:02Z,0,0
TacticalBayr,"For all the idiots, 4=H, 0=O, 3=E... 304 means HOE",2020-07-06T07:41:15Z,0,0
The Bryant Watkins Channel,Da truth has been spoken ğŸ‘ğŸ˜ŠğŸ’¯,2020-07-05T16:31:32Z,1,0
Nilesh Biswas,Never trust a 304 xD,2020-07-05T05:33:50Z,0,0
Bimnews246,The  mf og ğŸ‘ŒğŸ‘ŒğŸ‘Œ,2020-07-05T01:16:10Z,0,0
Death rager,"so that they can make false accusations when it suits them? this doesnt only go for toxic men though, for them soft ass betas aswell. you're a conveniance.",2020-07-04T21:00:50Z,1,0
Bryan Hernandez,Thanks for the wisdom my G,2020-07-04T08:23:19Z,0,0
1ST DEGREE MOBB,"ğŸ’¯TRUTH , keep going steph",2020-07-04T07:40:33Z,0,0
Anthony M.,Damn this video hit the mark. About a 3 weeks ago I finally smashed this girl I met 3 years ago who then went cold on me 2 months later. My nice dumbass chased after her with nothing in return so I went dry on her after that. Everything you said is true af.,2020-07-04T01:04:20Z,4,0
CrewTV,Iâ€™ve seen / heard plenty of females say they donâ€™t smash on the first night so they donâ€™t seem like a hoe.,2020-07-03T23:39:37Z,6,0
The StaticCoder,"My girl and I had our biggest fight ever.....  Followed by me fuckin the absolute life out of her...  She knows women want me, it has a hell of an effect on the psyche",2020-07-03T20:07:01Z,1,0
Mario Hartdige,Man just been subscribed for 3 days every vid i have watched ive learned something new. Thank you for exposing me for the blue pill man ive always been and doing what your doing to help turn blue man  into the man they are purposed to be.,2020-07-03T19:37:46Z,0,0
Ben Foster,"Flips 304 upside down, mind blown!",2020-07-03T15:44:27Z,0,0
Dorian Allen,What woman say they want is oxymorons ğŸ’¯ğŸ’¯ğŸ”¥,2020-07-03T14:05:22Z,0,0
Andzrej Warner,She look at you like you crazy ğŸ˜‚ damn that hit a nurve bro,2020-07-03T12:55:49Z,2,0
Zozi,Where you from?,2020-07-03T06:33:20Z,0,0
O.Clarke,"When i had a girl, the amount of attention i got from other women was astronomical, verses me being single.",2020-07-03T04:14:04Z,33,0
Cooli Highh,That beat in the intro is COLD bro,2020-07-03T02:36:04Z,0,0
Abraham Salinas,Steph Iâ€™ve gone cold and never been more free thank you bro youâ€™re faithful ğŸ™ğŸ½,2020-07-03T01:36:30Z,2,0
Aaron Fan,Could not be more true,2020-07-03T00:55:04Z,0,0
BLCK TYLR,music at the intro is my track  9//9//9 on soundcloud btw if anyone else wanted to know,2020-07-02T23:08:12Z,0,0
Quadri Amusa,It feels like he sat me down while im eating and telling me how these females b,2020-07-02T19:23:32Z,3,0
ScoopBaby Motivation,"Women are beautiful but takes time in energy to keep her happy but even then she still be looking for something else because she don't know what she wants for guys we have to stay on a purpose don't let these women use you or play you because there more manipulative then guys, women are super complicated there not logical like my boy said they go based on feelings not Logic I've sleeped with plenty of wifes and girls in relationships in let me tell you they don't give a fuck about there dude's and half of them act like they like you to get what they can from out of you as in even a baby child Support it's sad but it's true but hey always be there for the lady's but whatever you don't try to save them because they don't want to be saved hope that helps.ğŸ‘",2020-07-02T16:03:50Z,0,0
Asthereal,AMS clone he just rebranding the same content no hate tho,2020-07-02T10:40:35Z,0,0
preludeF20Bking,This is true. I been toxic very toxic with my girl. She always comes back almost as if she likes this shit. The bedroom is a major factor for women I feel. I give her the fuck of her life  every single time. Rough.,2020-07-02T07:22:43Z,0,0
ğŸºtheGreatAndSigmaticgiantsğŸº,ğŸ‘ğŸ¾ğŸ’¯,2020-07-02T04:57:34Z,0,0
Clay Rogers,Steph please do a video about Will Smith allowing his wife to get dug out by August Alsina. Itâ€™s in the news right now G smfh,2020-07-02T02:17:07Z,1,0
Friezasama91 _,They all talk. They love to complain. Negative attentions is better than no attention. They all got daddy issues,2020-07-01T19:54:06Z,37,0
Friezasama91 _,Because they all have an ego. They want what they canâ€™t have. They want social status and high money. This man is right. They say lies,2020-07-01T19:44:32Z,10,0
Sin Orbit,Steph what if you have a girl ? Should you still have girls in your rotation ?,2020-07-01T16:06:53Z,0,0
Jeberted,These 304s ainâ€™t loyal,2020-07-01T15:16:17Z,1,0
Marcos CARDE,king,2020-07-01T14:30:55Z,0,0
Ness,Aye ima start using 304 ğŸ˜‚ğŸ˜‚,2020-07-01T12:24:38Z,0,0
O'niz1000 Channel,i read somewhere that hell is filled with more women than men...i wondr why that may be...hmm,2020-07-01T10:05:05Z,1,0
StreamToronto,You look like you're trying to look pretty in your thumbnail,2020-07-01T09:54:39Z,0,0
Drake,Steph you spoke so many facts in this videoğŸ’¯,2020-07-01T07:02:45Z,1,0
holden killa,Who watch stephiscold and MJGETRIGHT?,2020-07-01T05:36:37Z,0,0
Mike Larry,Im toxic asf in a good way though ğŸ˜‚,2020-07-01T05:23:45Z,0,0
Truth Be Told,5:52 lmaoooo,2020-07-01T03:08:00Z,0,0
Hakeem Howell,Speak on the jada and will situation well thatâ€™s if you know about it,2020-07-01T02:35:37Z,1,0
Cameron,The term 304 is dumb asl easier to just say hoe why was this term createdğŸ¤£ğŸ¤£ğŸ¤¦ğŸ¾â€â™‚ï¸,2020-07-01T02:04:05Z,1,0
Godâ€™s General,Fellas yâ€™all think this is something ? Shit my G hit the Patreon . Steph always keeps it ğŸ’¯ real attracts real .,2020-07-01T01:24:56Z,2,0
Kevin Brvo,"Men speak overtly and women speak covertly. Thatâ€™s why us guys always think woman are confusing, but they arenâ€™t confusing they just speak in a different language. 

Men will say it straight up how it is, and women will speak in actions.

She hot and cold with you, just means another dude entertaining her, if a girl really want you she wonâ€™t risk losing you, if she ehh about you sheâ€™ll show that. 

If she wants to hang she will, if she wants to f*ck she will. If she makes you wait 5 dates in for it than it ainâ€™t worth it move on.",2020-07-01T00:30:15Z,12,0
Rome,It's hard af to find love,2020-06-30T23:53:29Z,2,0
Jaime JordÃ¡n,Please make a video on the topic of kids and if you see yourself having kids and how youâ€™d manage that situation,2020-06-30T23:39:54Z,0,0
Aryan 77,Wish I found this channel a month ago. But it's never late to learn and get better in future,2020-06-30T23:02:31Z,1,0
Himothy Stevenson,yo steph whatâ€™s your email? i have a question about the program,2020-06-30T22:46:20Z,0,0
Adam Valerino,"They are compulsive liars, you have to see them for what they are and not what you want them to be.",2020-06-30T21:16:23Z,3,0
Qua D,"They boring anyway, stay on path family âœŠğŸ¾",2020-06-30T21:13:59Z,0,0
MilesInDaCut,he donâ€™t even have waves.... let that sink in yall,2020-06-30T20:50:26Z,7,0
TikTok video,Woman hate toxic bate male is toxic man,2020-06-30T19:41:25Z,0,0
AlphaDignity,"She doesn't need your love, she needs your energy",2020-06-30T19:12:02Z,2,0
Ninjask King,I know a girl who actually admitted this fact to me ğŸ˜‚ so I donâ€™t even want to hear a bitch deny it,2020-06-30T18:54:38Z,0,0
wrightterence680,"She is addicted to the chaos & drama!!
Birds of a feather flock together!!",2020-06-30T18:00:22Z,3,0
Gokez v2,"Bro for the longest time watching this man , I thought 304 meant â€œ304 Error foundâ€ still makes sense ğŸ˜‚ğŸ˜‚",2020-06-30T18:00:03Z,0,0
Titan,"Anthem: Stupid Again - Tory Lanez 

Women don't want a good listener, they want the baddest Demon in town.",2020-06-30T17:51:49Z,12,0
Josiah,You gotta do a video on Dr.Dre's wife  filing for divorce,2020-06-30T17:25:51Z,1,0
KESHAWN,Factsss,2020-06-30T16:44:37Z,0,0
1080phil,all facts,2020-06-30T16:07:59Z,0,0
BoredReisu,Actions speak louder than words fs,2020-06-30T16:05:07Z,0,0
Evokethewoke,"Appreciate the game G. Just got out a five year fairly recently and the alpha is back. It took some time but I swear I turned from purple pill to red pill the second she ended it. Now, I got a couple baddies in rotation and need some advice. More like a couple questions: 1. Should I be open about talking to other women? One wants to be â€œsingleâ€ which is coo wit me we all in the game and the other just broke up with bf but Iâ€™m assuming just saying Iâ€™m single is enough. Do you think thereâ€™s a smooth way to tell em youâ€™re talking to someone else. 2. How often should I text them/communicate with them? Theyâ€™re both different cases haha the â€œsingleâ€ one is way older and the other is a cool friend",2020-06-30T15:45:25Z,0,0
Toilet Paper,nbs bro all these girls be talkin bout â€œgood guyâ€ but be gettin bussed down by a DUMPERğŸ˜‚,2020-06-30T15:29:26Z,9,0
Niran Raj9,Bro I met a girl exactly like this *sigh sometimes better to be single than married it seems,2020-06-30T15:22:19Z,1,0
Masmetwo,ğŸ‘Œ Steph is only speaking the truth,2020-06-30T15:11:08Z,0,0
Alpha,Steph always come with straight facts,2020-06-30T15:07:50Z,0,0
Jeremy Baret,Knowledge is power fellas. Lets sit down and inform ourselves with the mind of steph,2020-06-30T14:59:50Z,0,0
JUSTLAFLEUR,This video hitting,2020-06-30T14:53:24Z,0,0
Sky Captain,The provider game is completely backward if you're alpha. They chase and spend money on the men they deeply lust after,2020-06-30T14:45:11Z,37,0
Kolby Terrelonge,A women actually likes when you care less about her than she cares about you. This comes down to putting your value at the highest level. Let them put you on a pedestal.,2020-06-30T14:26:08Z,132,0
YoJoel,"guys I got a question , so like can we hollar at females or no we have to let them come to us ?",2020-06-30T14:23:19Z,0,0
NoCap RayRich,"We all are electric magnetic beings, Male's are like electric n Females are like magnet, we push they pull",2020-06-30T14:13:37Z,0,0
NoCap RayRich,"I guess she's attracted to toxic men's because they probably don't know how to secure their energy n they give it out freely, other than men's who on Semen retention.Correct me fam, Peace broğŸ’¯ Great knowledge n info ğŸŒ",2020-06-30T14:08:21Z,0,0
tim robinson,I be one of these toxic men lol and they always come back even years later lol Iâ€™m in bed with a chick from 5 years ago rn and i ainâ€™t hit her up lol,2020-06-30T13:58:57Z,10,0
Tony G,"Much respect bro, Actions speak louder than words!",2020-06-30T13:47:26Z,0,0
A I,Work on yourself my niggas ğŸ¤˜ğŸ¿ğŸ’¯ oh and my fellas ğŸ”¥ğŸ‘ŒğŸ¼âœŒğŸ»,2020-06-30T13:32:40Z,1,0
Å¸oungbosÅ›lijah,Growing up with a single mother is hard. Now I got ams and steph I see the world differently. Itâ€™s like being 50 years old and  just learning how to read a book.,2020-06-30T13:26:04Z,2,0
buyer lit,"fax, women loves Toxic just as much as they love drama.",2020-06-30T13:08:06Z,0,0
Yes,Took me a while to learn this shit cause I grew up with a lot of sisters and female friends so you know how that goes. Now Iâ€™m starting to realize. Late but better late than never.,2020-06-30T13:03:57Z,83,2
Johann Muster,"same, but once you go it, your life changes 360",2020-08-06T18:10:42Z,2,
jaynotonyoutube,"Same man i just read the ""Rational male"" opened my mf eyes man lowkey got me down about finding out the things enforced by sisters, women in my life were BS",2020-07-04T22:12:48Z,5,
Kekoa Smith,"If you are young and alpha, you have the first part of life figured out. You are probably wondering if the wifey material women with the gawk gawk combo attachment exist. The answer is yes but its very rare. That one awkward/shy girl in the corner of your classroom or the fat girl who applied herself years later is that women. In the long run, the beta male either ends up with no one or the highschool baddie if he has money. Don't worry these thots will have been run through 100x over, gain weight and end up draining their beta male providers of their non-sexual energy, money, and cheat on them.",2020-06-30T12:55:44Z,0,0
assassin x,One sure why to get them is to act like don't even exist!! Especially if you got looks. Girls can't stand being ignored it drives them crazy!!,2020-06-30T11:53:19Z,0,0
Javada Parkes,Bro I experienced it 1st hand. They can not be honest! Neeeeverrrr!!!!,2020-06-30T11:36:46Z,0,0
Antonio Ro,"Theres this girl I follow, her feed is nothing but those relationship goaly word porn memes",2020-06-30T10:20:57Z,4,1
Bonedadon,Is it ok to get my girls password to her social media ğŸ¤”?,2020-06-30T10:09:04Z,1,1
Danville Boost!,if she ok with it but honestly i would't do that unless u feel something is off,2020-07-01T01:09:35Z,0,
Curtis Bell,"Question when u say you shouldnâ€™t believe what these women say does that go for the freaky talk that they give you via text or on the phone too ? A chick views me alpha and is sexually attracted to me from what I can tell ,& we plannin to link in July .",2020-06-30T09:18:40Z,1,0
KMEYOUNGKING,ğŸ’¯ğŸ‘‰ğŸ¾https://youtu.be/MrjsoEkeGo0,2020-06-30T08:54:18Z,1,0
RSA Mancunian,"Blue pill Bob: "" uhm Stephon what's a 304?"" 




StephIsCold: ""Put it on your calculator and turn it upside down.""",2020-06-30T08:43:16Z,0,0
Dreamersâ€™ Lifestyle,You speaking hella factsğŸ˜‚ğŸ˜­ğŸ˜­ you be killing me,2020-06-30T08:20:47Z,0,0
Jeremiah .M,At work watching this like a fiend,2020-06-30T08:18:19Z,0,0
christian henry,"Just be you. You dont have to play ""Games"" and if shes real like 100% She's not going to play the ""Games"". Its simple its either a person likes you for you or they don't.  And another thing stop chasing and replacing and be wise because if you knew that the future wasn't promised you'll think different. Men don't have a biological clock but you need to be careful waiting Time. Because it's something you can't get back.",2020-06-30T07:56:58Z,1,0
Link,Steph is cold Period!!! Nothing but facts!!!!,2020-06-30T06:50:28Z,0,0
dankwatermelon,"Remember fellas, never listen to the fish listen to the fisherMAN",2020-06-30T06:39:18Z,20,3
dankwatermelon,@Jonathan yessir... my #2 favorite anime of all time,2020-11-11T00:28:21Z,1,
Jonathan,You like Hajime no ippo too?,2020-11-10T20:11:43Z,1,
Becoming The 1,"Weâ€™re the fisherman finding the right fish in the sea. Unfortunately thereâ€™s no â€œright fishâ€ itâ€™s just you get a fish, eat it, get another one. Unless the loyal *rare* fishes",2020-07-05T06:04:10Z,0,
IPLAY2OVERCOME,She post that she want a different type of dude to try to get the dude thats really digging her out in his feelings. Meanwhile homie still digging her out. ğŸ¤£ğŸ¤£ğŸ¤£,2020-06-30T06:26:08Z,8,0
B renegadde,I literally will waste a chick time because I know they lie and are low key toxic  and thatâ€™s in the beginning ğŸ˜‚ğŸ˜‚ğŸ˜‚,2020-06-30T06:18:02Z,3,0
Mathew P.,"honestly big bro i thought you were older closer to 30s range probably the beard and the way you conduct yourself, but i just turned 20 maybe its my ethnicity but now that i think of it. Not cause i feel beta or some ive been peeping vids for a while you're right in most cases... To me my self i feel baby faced im not sure if you covered that but aside from working out and conducting yourself alpha is there any way to counter that or is that just some id need to work around? i already got a clean whip and i got a lil cheese but i dont be flashy with it cause loudest niqqa in the room not the toughest. id say i look halfway decent fucked enough to kno, i wanna play them hoes that aint give me the time a day.",2020-06-30T06:15:28Z,0,0
Boo boo Kitty,I have a question please... Women always say to other women donâ€™t act too available act like youâ€™re always out and busy but Iâ€™m a super HOMEBODY(wayyy before the quarantine) Iâ€™m work than home and Iâ€™m always home on the weekends... Is that a bad look?  Should I act like I go out to a man? Thank you,2020-06-30T06:13:07Z,1,3
1ST DEGREE MOBB,I know a girl that's a homebody and 50 niggas know where she live ğŸ’€,2020-07-04T08:00:57Z,0,
Boo boo Kitty,sarabi Motley I really am I homebody a lot of women are homebodys I hate clubs always have. But thanks for the reply.,2020-06-30T07:37:18Z,1,
sarabi Motley,No just tell him you're a homebody I'm pretty sure he'll actually value you more. Are you really a homebody? nobody knows. On this channel he really exposes female nature and characteristics. So you might wanna go on Asha c page,2020-06-30T07:35:07Z,1,
Zubair,Love you G â¤ï¸ğŸ’ªğŸ¾,2020-06-30T05:59:20Z,0,0
Pinky mcnasty Stinky,Your poster is cold,2020-06-30T05:38:49Z,0,0
Mr. Sir Man,I'm playing obv when I say this. Where the girls that wamted to compare hand sizes. Luv the vid Steph,2020-06-30T05:35:11Z,0,0
SickaThnYaAvrge,This guy cracking more codes than Jumanji ğŸ˜‚,2020-06-30T05:06:21Z,0,0
Jonart Moreno,Trust the actions not there words fellas.,2020-06-30T04:50:56Z,1,0
Akobi Ballantyne,Bro you were really in your bag on this one. Another one of your coldest videos. Gospel.,2020-06-30T04:30:02Z,0,0
Sebastian Hinestrosa,"man, I'm so blessed that your content popped up on my recommended feed. I needed to hear shit like this",2020-06-30T04:26:12Z,13,1
Becoming The 1,For real,2020-07-05T06:09:35Z,1,
Mace Windu,"Females say they want many things but when it comes to nice guys the majority of females arenâ€™t really attracted to them even tho they say thatâ€™s what they want, my ex went back with her ex because I was emotional, â€œclingyâ€, but thatâ€™s basically the nice guys way of treating a female and reacting to her bad input, all this girl ever wanted in reality was some toxic guy because her ex was like that and she also only wanted sex and attention from guys, she never wanted me for being nice, she only saw me as a ego booster and validator and sex toy, she liked the way i treated her like that so when she went back with her ex she wanted to be friends cuz she still expected the same tampon use of me towards her, she knew she had me emotionally trapped so her only way of making herself feel better of leaving me for another dude was keeping me close cus then that makes her think she did nothing wrong and she only felt bad about what she did but never regretted it, she posts videos on her story of nice relationships and cute shit like that but what she wants is completely different, she gives herself lies to believe in also so other dudes think thatâ€™s what she wants and she gets to get hit up by other guys in her rotation, she literally told me guys are only tools for her, like sprinkles on a Sunday ğŸ˜‚",2020-06-30T04:19:04Z,17,0
Scott Buie,I lowkey hate females from my generation......,2020-06-30T04:06:53Z,0,0
Packmann32,know the ledge,2020-06-30T04:01:37Z,0,0
Malik Jackson-Brown,Steph bro youâ€™re goated G,2020-06-30T03:45:23Z,0,0
Joe Eduardo Reyes_AFC,Iâ€™ve seen it happen to me at work. One girl that didnâ€™t want me back then saw this other girl that was flirting with me and all of a sudden she wanted to â€œ get to know meâ€. Lol,2020-06-30T03:06:09Z,38,1
a.t_,Women love that because your attention has diverted to the girl who was flirting with you.,2020-07-19T07:54:59Z,12,
Kareem Lawson,A girl argues with me all the time even when I know Iâ€™m in the wrong yet she always comes back to me and says sorry daddy lol,2020-06-30T03:05:05Z,1,2
Danville Boost!,@ashley jean how she cheating on him?,2020-07-01T01:11:40Z,0,
ashley jean,thatâ€™s cause sheâ€™s cheating on you lol,2020-06-30T23:20:42Z,0,
LEV,Basically They want to try and change them knowing it wont happen but stay anyway. While ignoring someone on there shit handling business.,2020-06-30T02:55:39Z,0,0
KB,So Iâ€™m learning Spanish on Duolingo. Self improving. The word â€œniceâ€ in Spanish is simpÃ¡tico! SIMPÃ¡tico. You canâ€™t make this shit up! I gotta keep taking this red pill man.,2020-06-30T02:49:44Z,70,3
Oliver,@Ariel Castillo SIMPatico,2020-11-20T09:09:04Z,0,
Ariel Castillo,Uhh... def not simpatico lol,2020-10-27T02:38:23Z,2,
ChaseTheMxney,Nice Catch,2020-10-21T14:26:50Z,1,
kbb 3055,its truly sad smh these women wonder why their lives are so miserable and no one (in a position of power) takes them serious,2020-06-30T02:29:08Z,44,0
Dizzy Dells,If youâ€™re tired of the dysfunctional women that youâ€™re related to drop a like here guys this one is for you.,2020-06-30T02:15:45Z,6,0
Brotha Antone,"3:58 thatâ€™s exactly what they do, remember this girl I went to school with, she would paint a picture like she was a girl, but when I hung out with her it was the complete opposite.",2020-06-30T02:14:07Z,6,0
Quinten Robinson,I swear I was just scrolling in fb and saw these females say I like a lil toxic but u gone love it here.  It the bad bitches say this na.,2020-06-30T02:05:43Z,1,0
Carlos Gutierrez,What yâ€™all fellas think about when females say they like boys who donâ€™t post on social media or donâ€™t have that much followers?,2020-06-30T02:04:16Z,4,2
MY$TERIXU$,MiamiSlugger I only use social media to post my music,2020-07-07T18:55:16Z,0,
Madly Better,"Probably true, a lot of young guys entertain IG and FB like a girl would do (stories/posts) while a guy not using is probably not giving a flying fuck and focused on his purpose? Debate opened fellas ğŸ’¯ let's hear it",2020-07-01T03:04:11Z,3,
Brady G,Check her phone you will see everything you need to know,2020-06-30T02:03:55Z,49,2
Ricardo Lopez,@Alejandro Lopez facts,2021-04-03T09:55:58Z,0,
Alejandro Lopez,They delete apps and reinstall them when you aint around. Seen it.,2020-06-30T05:21:03Z,26,
The Ambition,FACTUAL CLAIMS â—ï¸ğŸ’¯,2020-06-30T01:26:57Z,0,0
Oke Oke,You only 22? I thought you was like 26 or 27,2020-06-30T00:57:13Z,74,3
Elden Ring Shorts,this guy 22 and im 21 and i dont think i ll look like him even by end of this year,2021-01-20T17:17:49Z,0,
Becoming The 1,Rorisang Pitswane it has to,2020-07-05T06:00:30Z,0,
Rorisang Pitswane,@D M its definitely the beard,2020-07-01T21:56:50Z,8,
Certified Chaos,They love toxic shit thatâ€™s why they love watching shows like love n hip hop basketball wives,2020-06-30T00:46:56Z,0,0
The Fly Guy,Basically the truth is the opposite of what she tells you.,2020-06-30T00:41:52Z,2,0
Izzy Da Hustler,4:40-4:44 is facts. My Ex was exactly like that.,2020-06-30T00:41:10Z,2,0
Geromie FC,This some OG Stephiscold,2020-06-30T00:34:14Z,1,0
Derek J. Russell,"Fellas, just focus on yourself. Is that simple.",2020-06-30T00:26:57Z,1,0
Bokeyjr,Toxic guys are winning and there's no way around it,2020-06-30T00:09:14Z,0,1
ashley jean,yeah maybe you guys should date eachother,2020-06-30T23:23:56Z,1,
The Date Master,They love that toxic shit tho,2020-06-30T00:08:33Z,1,0
The Date Master,My guy back at it! Keep rising fam ğŸ’ªğŸ¾ğŸ’¯,2020-06-30T00:08:23Z,0,0
David Winn,Their body language speaks louder than words that are coming out of their mouth.,2020-06-30T00:01:30Z,0,0
Clifford Martin,"Always remember fellas, â€œSheâ€™s not yours, itâ€™s just your turn...â€",2020-06-29T23:59:18Z,47,0
everyMAN evolve,"Going crazy bro, I see you man! I  see you for real âœŠğŸ¾ğŸ’¯",2020-06-29T23:58:03Z,0,0
C Ross,This hurts bruh I know itâ€™s true! Iâ€™m crying dog,2020-06-29T23:55:10Z,1,0
cookingwithjayjizzel,ğŸ’¯ğŸ’¯ğŸ’¯ğŸ’¯.,2020-06-29T23:50:30Z,0,0
Champion RD,He is speak the truth RIGHT NOW!!!,2020-06-29T23:44:56Z,0,0
Dr. Usa,Clicked faster than a beta at a womanâ€™s disposal.....,2020-06-29T23:42:04Z,0,0
Champion RD,Facts broğŸ’¯ğŸ’¯ğŸ’¯,2020-06-29T23:27:26Z,0,0
JAMES DAVIS,Emotional = toxicity,2020-06-29T23:25:58Z,0,0
TheJax Candy,"Iâ€™ll never stop watching ams and stephiscold, endless knowledge. Sometimes you donâ€™t retain all the information the first time, so you gotta keep watching..",2020-06-29T23:21:02Z,2,0
VermontV8,"I listened to what woman says like for real and saw them as equal person to me, jeez. Then I took the red pill and woke up. I look back and can't believe how stupid and blind I was back then",2020-06-29T23:10:12Z,47,1
Becoming The 1,ğŸ˜‚ dang bro I remember being nervous and said to myself. Theyâ€™re just female. Turns out the word female was a whole story with female nature and sh. Woke me up for real. Iâ€™m having some second thoughts like red pill rage or something. But Iâ€™m still learning and improving ğŸ’¯,2020-07-05T05:52:50Z,0,
Tom Popov,"A fish will never teach you how to catch fish... Take what women say with a grain of salt, they backwards...",2020-06-29T23:08:33Z,28,1
The BRIDGE 54,Do the opposite of they say,2022-03-31T15:42:10Z,0,
SIAGO PARIS,I've had a female tell me that before bro. She was giving me choosing signals so I approached her and said what's up? And  she said that she was starring at me because she wanted to snatch my soul. Went to her crib and got my soul snatched 3 days later!! ğŸºğŸ¦‚ğŸ’ªğŸ¾ğŸ¤ğŸ¾,2020-06-29T22:58:25Z,7,0
JOSH 121,Be solitude!,2020-06-29T22:53:56Z,4,0
Wheeler King,"Yo Steff, I really believe this and nobody else says this (tying into what you said about women not counting the other 30 guys and only counting 3 or 4 or whatever).....women (like how people push out/forget trauma) I swear genuinely forget/push it out their minds and really, truly think like instead of the actual 80 guys, they think its like 15 or something.....some real weird sociopathic kinda stuff these women be doing(maybe something to do with how they act all innocent on the outside/know that society/family/other women/etc likes to say/insinuate women should act (appear to act) a certain way so they all Jefferey Dahmer sociopath style push it out their minds like it never happened).....and they call us pigs!!!!!! F'n Whack Jobs!!!!!",2020-06-29T22:50:06Z,10,1
Elevate send a plate seperate,Word they lies become thier truths,2020-08-25T05:53:39Z,1,
James Choice,ğŸ’¯ğŸ’¯ğŸ’¯ğŸ¥¶ğŸ¥¶,2020-06-29T22:46:40Z,0,0
Outsiders Production,"Keep it cold , they always going to be backwards",2020-06-29T22:46:08Z,2,0
Shelbrin Williams,In Louisiana we call 304s 504s,2020-06-29T22:40:52Z,1,1
Wheeler King,In Chinatown we call them 604s,2020-06-29T23:17:14Z,0,
lick Balboa,Eating my ramen to this ğŸ™ğŸ½ğŸ’ªğŸ½ğŸ’ªğŸ½,2020-06-29T22:36:30Z,0,0
neville watt,Do yo call them out when they say they ain't have sex in months?,2020-06-29T22:35:27Z,0,0
DA KID RICH ğŸ¤‘,Cold gğŸ¥¶,2020-06-29T22:33:49Z,0,0
Wheeler King,Itz yo boy Steff,2020-06-29T22:30:43Z,0,0
 servant of Jesus Christ,intro song?,2020-06-29T22:30:25Z,0,0
Derick Agbo,"Like Lil Durk Said ""Don't ever put your all into a bitch 'cause she gonâ€™ leave""",2020-06-29T22:29:35Z,0,0
ATL Mike,It seems like most of the stuff you teach about women go hand and hand with building a business to a certain degree ğŸ’¯,2020-06-29T22:24:18Z,0,0
MarcTony,what do you use if you are doing a voice over for video?,2020-06-29T22:23:09Z,0,0
3DN,Women dont stop liking toxic men until they run through about 5 of them,2020-06-29T22:22:56Z,5,1
Abrye Penez,I see women past 45 that stay wanting toxic men & they'll never stop wanting them. It's in women's nature to always respect drama dudes!,2020-07-01T02:01:25Z,3,
I'm a Stud,How you havenâ€™t blown up and gone mainstream is beyond me. Hands down the best advice for men Iâ€™ve ever heard,2020-06-29T22:22:34Z,6,0
Azoki,Aye a broke nigga just got a free ass book thanks stephâ˜ºï¸ğŸ¤£,2020-06-29T22:16:43Z,2,0
Antoine Kennedy,Whatâ€™s your thoughts on Dr. Dre getting divorced?,2020-06-29T22:07:14Z,2,0
franklucas,This why meeting girls in person first i s better cause you get to know who they really are. Dudes need to stop using social media to meet girls. You canâ€™t believe half the stuff they post!!,2020-06-29T22:05:50Z,94,2
visuals bts,Facts,2020-07-01T08:00:38Z,2,
Wheeler King,1/2? More like 99%,2020-06-29T23:08:36Z,12,
feuto p,Dr Dre divorced his wife and she getting 400 milly!!!,2020-06-29T22:02:44Z,2,0
Andrew Bolay,Ik yâ€™all ass didnâ€™t really turn yo phone upside down to look at the 3 or 4ğŸ˜‚ğŸ˜‚,2020-06-29T22:02:26Z,2,0
Damsith Marasinghe,there are living in  la la land man  alternate  reality,2020-06-29T21:51:51Z,5,2
Aye,Alternate reality word ğŸ’€,2020-10-01T14:43:10Z,0,
Wheeler King,straight truth,2020-06-29T23:12:22Z,0,
Mcgyver B,"If sheâ€™s not giving you anything, donâ€™t stick around for her dry words, because the longer you wait, the more she sees you for the simp that you are, they are such savages, they will text you good morning after they just got dug out by a dude who didnâ€™t even kissed her goodbye.",2020-06-29T21:51:40Z,233,8
Michael Philbert,"@JUSTLAFLEUR If I didn't know better, I swear even these girls are taking the advice from Steph, FitXFearless, etc., and are feeding _you_ scraps. The fact you're the one sittin' by the dock of the bay hoping for a warm greeting. ğŸ¤£ğŸ˜‚ğŸ¤£ğŸ¤£ğŸ˜…",2020-07-02T18:48:23Z,3,
Gu3ss Wh0,"@Mcgyver B, @Sean J - If that's your girlfriend, then it's not really a problem if SHE does. The commenter was not wrong in asking that. 

I think you misinterpreted the original comment where he was just trying to describe how spiteful women really are. He wasn't talking about the boyfriend (that got cheated on) was BEGGING her for a good morning text. He was simply just the one that received it, regardless of whether he asked for it or not. 

Reread the original comment dude. There's nothing ""simp"" about your GIRLFRIEND texting YOU ""good morning."" It might be ""simp"" if he was the one who ONLY ever said that to her and she never reciprocated. THAT is a weak ass dude. 

Your girl texting you is NOT a problem, explain to me how it is..",2020-07-01T04:01:10Z,3,
Sean J,JUSTLAFLEUR simp,2020-06-30T15:04:03Z,19,
JUSTLAFLEUR,But whatâ€™s wrong with that? I would appreciate a good morning here and there lol.,2020-06-30T14:44:18Z,2,
Sky Captain,Yes sir,2020-06-30T14:44:02Z,1,
MambaWOLF â€˜,NÃ¸Rappp .,2020-06-30T04:32:41Z,1,
LEV,Real talk,2020-06-30T02:57:50Z,6,
N233,"I got this bih in my rotation, shes straight up always saying she like me, I make her shy. Sheâ€™s submissive. But she real flakey at times. So I hold my ground. She a 10/10 Colombian. I donâ€™t get this bih.",2020-06-29T21:50:09Z,2,2
1ST DEGREE MOBB,"She probably testing you, to see if your gonna get attached be careful brotha ,just keep firm",2020-07-04T08:03:09Z,0,
Wheeler King,"hahaaaaaa, I totally hear ya bruh",2020-06-29T23:11:30Z,1,
Sandra B.,"Hi Steph, thank you for your content. I really enjoy learning your perspective and teachings. I apply it in my life now.I even get hype myself when you yell through the internet on getting on our Passion and Purpose. Radical Self Mastery. Your message is deeper than the surface.Have a good one. ğŸ™Œ",2020-06-29T21:45:09Z,4,0
Petwayboy,"Wat up james harden, i mean steph lol.",2020-06-29T21:39:08Z,0,0
magd,facts but youâ€™re talking about full on hoes. every girl has hoe instinct and wants multiple males but after a certain point women DO want an alpha male to settle with and at that point cheating isnâ€™t an issue for a lot of relationships even on the womenâ€™s end. the difference is that their version of hoeâ€™ing out is just leaving you... but if youâ€™re alpha during the relationship sheâ€™ll stay cuz everyone wants to settle eventually... if you donâ€™t youâ€™re fuckin weird,2020-06-29T21:35:48Z,0,0
Deon Soto,Because they are all toxic themselves man they just concealing it when they met you then turn into a exorcists afterwards,2020-06-29T21:27:59Z,3,0
QUADRI OKUNOLA,This guy is funny as hell looool,2020-06-29T21:27:18Z,1,0
Lestat,They fear judgement from men about their promiscuity then brag to their girls how many dug her out.,2020-06-29T21:27:14Z,0,0
supratrd900,No women is single. If she is somewhat attractive or decent. If she tells you she is single don't believe her. She has dudes digging her out and dudes she goes out with for free meals and attention.,2020-06-29T21:25:48Z,8,1
Dante Ng,This is facts ğŸ’¯. Some chick I was seeing tried to pull that card on me but it ain't work,2021-05-29T16:22:41Z,2,
mawanda dickson,Tunning in....all the way Kampala Uganda...thanx bro..,2020-06-29T21:24:52Z,1,0
bigeverythingboy,I actually met a girl that said she only wanted to have sex with me me and that's all we did for 4 months lol,2020-06-29T21:20:57Z,0,1
The BRIDGE 54,Thatâ€™s dope,2022-03-31T15:44:16Z,0,
Bro Life,I'm still jamming to that Intro beat,2020-06-29T21:20:40Z,0,0
Abc,is there honestly much point getting into a relationship ? sounds like un needed hassle,2020-06-29T21:12:16Z,15,1
Marquise Henry,If you not ready...it def is bro..they have so many expectations. Itâ€™s always good in the beginning,2020-06-29T23:43:22Z,6,
Jacob Kuba,"Women love tall handsome men.
They don't care if you're toxic or not. 
It's not a priority to them.

FACE, HEIGHT,  and RACE(skin tone also) . 
The rest barely makes a difference 
The cope has to stop",2020-06-29T21:07:03Z,1,3
Jacob Kuba,"@Dijon Mustard
I agree.
 in that order. 
Muscles aren't as important as long you are in decent shape. 
Muscles will not make up for lack of facial beauty or lack of height.",2020-06-30T04:18:35Z,0,
Dijon Mustard,face>height>muscles,2020-06-29T23:58:05Z,1,
AJ Taylor,"Women will continue to say in public that they want a guy with no 304s, but we all know the truth. As long as a man has women chasing after him, that woman will forever desire him.",2020-06-29T21:06:47Z,0,0
GCA Studio,"*beta male voice* uhm.......STEPHOOOOOOOOOOOOONNNNNNNNN, WHAT DOES 304 MEAN?!?!?!?!?!ğŸ˜¢ğŸ˜¢ğŸ˜¢ğŸ˜¢ğŸ˜¢",2020-06-29T21:04:27Z,48,5
YUNG RY 603,"@Steve-O type 304 in a calculator and flip it g, not that deep",2021-02-12T23:09:08Z,0,
Nate J,what does it mean,2020-07-04T19:57:57Z,0,
JetBlackXtreme,"Weird how one girl in my past acted like she really wanted to fw me, but I never did because I had this instinct that she's a 304 and just didn't validate her, never gave her the time of day, nothing ğŸ˜‚",2020-06-29T20:58:09Z,6,0
Great Genius,304... ima use that ğŸ’¯ğŸ’¯,2020-06-29T20:56:18Z,0,0
DAVO Roberto,Women have no logic damn that's crazy but true I've seen it,2020-06-29T20:54:08Z,1,0
Champion RD,"â€œShe never say it but her actions always show it.â€
 That was ladies and gentlemen from StephlsCold ğŸ”¥bar tho",2020-06-29T20:52:35Z,3,0
Guyo a-1,Steph i had a good laugh when you were explaining to them what a 304 is. OH I'M DEAD,2020-06-29T20:52:28Z,12,0
Mat M,Steph a real ass nigga ğŸ’ªğŸ¾ğŸ’ªğŸ¾ğŸ’ªğŸ¾,2020-06-29T20:50:34Z,0,0
Jaidyn Marshall,Thereâ€™s really people that asked what a 304 isğŸ˜‚ğŸ˜‚ğŸ˜‚ğŸ˜‚,2020-06-29T20:48:07Z,1,0
Champion RD,I been hearing this lot so l got to check this video out,2020-06-29T20:47:12Z,0,0
Cqualif Hawkins,"Itâ€™s better to be single and happy, than in a relationship and miserable.",2020-06-29T20:44:46Z,496,7
Ricardo Lopez,Amen bro.,2021-04-03T09:55:17Z,0,
Gabriel Attenborough,"Facts, even Rollo Said That.",2021-02-04T03:34:30Z,1,
Jakob Stouffer,Amen,2020-12-31T10:48:50Z,1,
Zachary Bajnath,fr,2020-12-11T16:02:51Z,0,
Val Loyola,purpose over everything else.,2020-07-06T21:33:01Z,7,
Andrew Pouncil,amen,2020-07-01T23:35:15Z,0,
komeinsvedu,Fax,2020-07-01T22:05:16Z,1,
Rivelino Simons,"From the mark: 3:55 till 4:06, that is key!",2020-06-29T20:38:23Z,0,0
itsurmombruh,Steph keep keeping it ğŸ’¯,2020-06-29T20:35:11Z,1,0
Wary 3,"*_mother said from a young age ""dont trust her words, watch her actions""_*",2020-06-29T20:33:26Z,360,4
Wary 3,"@Meditatin_Bry Her actions will teach you enough, some people do less talk more do",2020-10-31T13:51:09Z,1,
Bint Issa,And vice versa,2020-08-14T21:05:44Z,0,
Robin Treuthard-Pheulpin,WORD.,2020-07-21T17:48:30Z,4,
Abrye Penez,She must be a real one!,2020-06-30T16:45:21Z,31,
efe,What should I do? She said she doesn't want to be in a relationship for now. Although we were before and had some issue,2020-06-29T20:31:14Z,0,0
YHVH,still lookin for that opening track,2020-06-29T20:31:01Z,1,0
Trey Sanders,I canâ€™t even play dumb with women. They can sense that I know they lying lol even when I have a poker face and they be calling me out on it.,2020-06-29T20:30:53Z,22,2
Trey Sanders,Gold I canâ€™t play dumb. Itâ€™s just not in me. I call it for what I see it as and it shows in my energy even when I say nothing.,2020-06-29T22:31:59Z,11,
Gold,Maybe you're tone of voice? Or avoiding eye contact or somethin?,2020-06-29T20:51:43Z,0,
WAVY radio,304 ğŸ˜‚ğŸ˜‚ğŸ˜‚,2020-06-29T20:28:30Z,0,0
Ronbreezy,Soak in everything Steph is saying cuz i promise u everything he say is trueğŸ’¯ salute bro,2020-06-29T20:24:26Z,0,0
Souled Being,"The answer is simple....because their toxic. As they say, like attracts like...",2020-06-29T20:21:15Z,22,1
Kaizen Kings,There we go. First nug of truth in these comments...,2020-07-01T06:48:01Z,0,
Shine TeleMundo,SUPER FACTS BRO I like to listen to their subconscious mind which is what they just blurt out saying out of nowhere. You can't always control it!!!,2020-06-29T20:19:56Z,8,0
J W,"Dont be toxic be indifferent. Before i started watching this channel.I was always the odd kid in school and in college now. If everyone was sitting on the left side of the classroom i would sit on the other side just because to stand out. Girls always looked at me and paid attention even though the guy with charm was over there they would just gravitate towards me and every day one girl would move desks but slowly making her way closer to me because i was set apart and was focused on my work genuinely. Didnt want to sit where everyone was distracting me from hearing the lesson in class. Indifference beats charm, charisma and any other trait ANY day. If you know the weather forecast for the whole week than you know how to plan accordingly but if you didnt know the weather ahead of time you would always be WONDERING when its going to rain...same with women.",2020-06-29T20:16:49Z,203,17
SLiiCKPuP,Hell yeah homie!,2021-10-25T16:47:07Z,0,
ray ali,I purposely act indidferent.it drives them crazy and draw them to you.oh I have they  head spinning or thinking about seeing a psychiatrist.,2020-10-19T15:48:17Z,0,
Rayniel-1742 Reom24961,"First comment Iâ€™ve read that describe my situation. You see, for people like you and me itâ€™s about us all the time, if people want to come in our world, the door is open, if not, go as you please. We simply are living our own life and that is the key to living a serene and peaceful one.",2020-08-25T04:20:41Z,6,
jumar1987,"Js399 whatever makes you feel alpha, do it, and you become alpha. alpha is about pursuing your own true nature despite the pressures of the many different voices in society (consequently these voices have all sorts of ideas about how you should life your life and what you should care or not care about). If you sit down at the empty side to stand out, because you feel like standing out, your alpha, if youâ€™re sitting on the empty side for any other reason, you have now let societies voices guide you instead of your own, also the most alpha thing you can do is sit besides someone and say â€œhi, how are you?â€ and not care what the response may be, whether pleasant or disagreeable to yourself or them, simply because you WANT to start a conversation with that person",2020-08-20T16:49:11Z,0,
J W,@jumar1987 wow what a way to try to stand out. But you failed miserably.  Wooahh girls sit by him in class he's so alpha.......yeah they chose to move closer to me. You wouldn't go vacate in the woods if you're scared of wild animals now would you? Ask yourself why a girl would sit next to a guy when there's 30-40 desks in a classroom?,2020-08-20T16:12:11Z,6,
jumar1987,"L bro only girls sit near me, if some guy comes up i alpha him out of the class ğŸ˜¤ğŸ˜¤ğŸ˜¤ then all the girls cheer",2020-08-20T14:04:54Z,1,
L,@jumar1987 I strive to be that alphağŸ˜¤,2020-08-20T13:58:08Z,0,
Sunwoo's Wife: Destiny,As a woman I agree 100%,2020-07-31T23:21:28Z,4,
jumar1987,Woooooooah this guy got girls to sit next to him in class omg alpha,2020-07-13T14:05:02Z,4,
Mr. Eminem,@J W thnx for clearing it dawg ğŸ‘,2020-07-07T12:25:11Z,0,
J W,@Mr. Eminem no it has to be your natural essence you cant fake being mysterious. Only 7% of men are born set apart naturally mysterious,2020-07-07T11:09:30Z,15,
Mr. Eminem,Isn't that basically attention seeking???  Doing indifferent stuff just bcz to get attention from women even that indifferent stuff don't give anything to you....,2020-07-07T07:16:35Z,1,
AlphaDignity,That was a smooth transition.. Remain indifferent to be a mystery.,2020-06-30T20:28:26Z,6,
dgraymayne1017,I relate to this heavyyy so I hear you broâœŠğŸ¾ it's an edge that very few have,2020-06-30T06:00:09Z,3,
MT100,+ be good looking,2020-06-30T02:57:48Z,12,
Dijon Mustard,indifference = mystery.,2020-06-29T23:54:47Z,56,
deadpool x,7:43 ğŸ¤£ğŸ¤£,2020-06-29T20:16:04Z,2,0
Logic TV,Steph give your thoughts on the ADAM ALI situation,2020-06-29T20:13:39Z,0,0
skate3450,"What if being a nice guy beta is the toxic behavior that turns women off and being a man, doing your shit, not giving them all your time, maintaining frame, making yourself the priority is the healthy behavior they are looking for ğŸ¤”",2020-06-29T20:09:26Z,112,6
BabyBin love,"Yes this is true as a women, i donâ€™t really like men that smother me, I love attention but I love it more when I can see a man on his shit and has his own life.",2022-09-13T19:18:40Z,0,
DFW Sociallyisolatednelly,"It's a toxic behavior until the nice guy is the only viable option as a replacement step dad to her kids after she becomes single mom after being ran through and hit the wall fucking with all of these fuck boys, left to be scraps or leftovers to the nice guy. That's the issue.",2022-05-19T04:42:56Z,2,
The BRIDGE 54,I think thatâ€™s exactly what it is though,2022-03-31T14:33:09Z,1,
Gu3ss Wh0,skate3450 that's another perspective to look at it I guess. Make sense to me!,2020-07-01T04:09:03Z,1,
dequan spruill,"Exactly 
It makes sense to me
Instincts make sense to me 
Not complicated, if you being fake an suck in up to her
Instincts donâ€™t like that
So do you and donâ€™t give a fuck cuz that what we really want to do",2020-06-30T13:48:57Z,6,
arbitrary PasTime,"Some guys couldn't handle a woman's truth. Thats why they lie. I like your dad bod. What she means: you need to lose weight, why do you think she puts her husband on a diet",2020-06-29T20:08:49Z,13,3
BUT SKIIUEEPP,Actually not true bro. Females are smart and they know by keeping a guy overweight â€” theyâ€™re limiting his options with other woman. Itâ€™s like a guy who has an average looking gf but with makeup she becomes way more attractive. A guy might try prohibit makeup as much as possible to limit her attractiveness/options. A girl keeping a guy overweight simply knows heâ€™s better looking and more desirable by woman when heâ€™s in shape.,2021-04-27T00:35:15Z,0,
Becoming The 1,W2 ğŸ˜¬ ğŸ¥¶,2020-07-05T05:58:15Z,1,
itsurmombruh,Ngl I ainâ€™t know what 304 was either I had to search it up,2020-06-29T20:07:13Z,1,0
J W,They love toxix guys because they're toxic. Its simple. A half decent women isnt going to want to chase another grown man around,2020-06-29T20:06:46Z,261,3
Yahleel Dabi,"@LifeOfADeadman Even the good girls like toxic guys because they want that ""I fixed this broken  person and he has a soft spot for me"" story to happen",2020-08-04T07:31:24Z,17,
W2,"nahhhh lmao. i can tell u that kind nice girls love this shit too. they ALL do.

iâ€™ve been that guy for that girl. 

it isss what it isssss",2020-07-02T01:11:04Z,18,
LifeOfADeadman,"This here^^. Not all women are toxic. Some won't even give toxicity the time or the day. Some woman already know what they want. But thats the thing, only ""some"". There's not many",2020-07-01T15:35:48Z,17,
Immune,Saw this chick that said she wants a man that gives her the world i did that she broke up w/ me now im older nd look better guess  who wants me now ğŸŒš,2020-06-29T20:05:28Z,8,1
Becoming The 1,Thatâ€™s backwards asf Iâ€™m super blessed to learn this because this would be confusing if I didnâ€™t,2020-07-05T06:07:37Z,3,
Mad lemming17,"I texted a girl ""Yall women are so backwards"" and her reply was ""I know we are"". It's amazingly sad tbh but that is their life not mine.",2020-06-29T20:01:08Z,10,4
Mad lemming17,"@Tramon A. yeah she even said everything she do is based off ""feelings"". Lol.",2020-06-29T20:56:34Z,4,
Tramon A.,Well at least she admitted it. That's actually shocking because most wont admit to it. They would rather live a lie but like you said it's their lives!,2020-06-29T20:32:46Z,9,
G M,My ex lied about hella shit. I called her out. Broke up with her. Didnt talk to her for 2 days... then she blew up my phone apologizing about everything and told me all the shit she was lying about thinking i would take her back lmao,2020-06-29T20:00:29Z,0,0
Reel Deal,Never get in a relationship. Just have a rotation and stay out the way,2020-06-29T20:00:26Z,5,0
N E V E R M I S L E D,Dropped some more fyeeee,2020-06-29T19:59:23Z,1,0
Reel Deal,Go to the gym and become toxic. Remember guys be the one she cheats with not the one she cheats on.âœŠğŸ¾,2020-06-29T19:56:29Z,369,17
Carl Kpsplucky,Francois Nel This â€œsatanic doctrineâ€ started with the feminist sexual liberation movement. The Tyrones and Chads took advantage of that and now if your 23+ youâ€™d be surprised if you found a women with under 6 bodies. Adapt or die.,2020-11-12T16:34:21Z,2,
ace solo,"@Francois Nel it's literally female nature for them to be hypergamous, likewise Chads and Tyrones know this and adapt, which leaves the beta male (like yourself) to get left behind and blame it on the world and chads. Women choose them because they are the winners, because women always have options. it's all human nature bro",2020-10-15T10:51:50Z,1,
Francois Nel,"@DonaTello Yeah, Tyrone and Chad uses knowledge of women against them and makes it worse for those who actually want to invest into a relationship and not play emotionless games. Becoming 'cold' is creating a terrible world for everyone goes against basic human nature. I see it as satanic doctrine, but thats a whole other triggering convo.",2020-10-07T21:43:11Z,7,
DonaTello,"Francois Nel they donâ€™t understand. We as men allowed this to happen. Because Tyrone and chad donâ€™t hold this women accountable and dismiss them if they were trying to cheat on their man. It made their behavior acceptable. Tyrone and chad on that me first mentality, selfishness is one of the roots of all of this.",2020-10-07T21:29:55Z,1,
Francois Nel,@DonaTello It is fucking up the world. Everyone wants to becomes Tyrone as they're afraid of being hurt so they mess with other mens women instead.  Turning the world upside down.,2020-10-07T21:20:26Z,4,
The Stranger,ğŸ’¯ğŸ’¯,2020-07-15T14:40:57Z,1,
1ST DEGREE MOBB,ğŸ’¯Truth they all cheat,2020-07-04T07:42:55Z,3,
Reel Deal,Naphtali De wit no sir I donâ€™t do relationships only female friends with benefits ğŸ¤™ğŸ¾,2020-07-02T09:53:32Z,2,
Naphtali De wit,@Reel Deal getting cheated on he saying,2020-07-02T09:48:48Z,8,
Reel Deal,preludeF20Bking other side of the fence?,2020-07-02T07:29:44Z,0,
preludeF20Bking,Been there done that. It's bull! You think like that until you're on the other side of the fence.,2020-07-02T07:05:08Z,11,
LifeOfADeadman,This mantality is bad,2020-07-01T15:40:17Z,11,
Nelson,Mfs canâ€™t believe this shit works and if it does itâ€™s with 8â€™s. None of yâ€™all pulling 9-10s so what are we talking about?,2020-06-30T22:17:25Z,5,
young gold,@DonaTello No it's not. Tyrone and Chad ain't do nothing. She's the one who chooses. She chose them.,2020-06-30T20:27:03Z,43,
Mahamed Ali,@DonaTello no it's not which one would you rather be? Pick a side quickly,2020-06-30T02:48:46Z,40,
DonaTello,Damn this is gonna fuck up the world even more. Itâ€™s all a cycle. Itâ€™s Tyrone and chadâ€™s fault too,2020-06-29T23:48:21Z,66,
Reel Deal,Why do you think these women love Future?,2020-06-29T19:54:14Z,130,4
Ovotingg,not all of us do .,2021-02-06T01:14:01Z,0,
Content Genius,right!,2020-07-02T17:11:02Z,4,
Aaron Tha Great 1k,lol facts bro,2020-06-30T01:29:55Z,19,
Nathan,Ayo someone send Dr Dre the link to this channel ğŸ¥¶,2020-06-29T19:50:43Z,0,0
THEGREATONE,Real informative,2020-06-29T19:49:44Z,0,0
Masked Warrior,7:34 had me dead when he said â€œ304â€ğŸ˜‚ğŸ˜‚ğŸ˜‚ğŸ˜‚,2020-06-29T19:49:27Z,1,0
DN2K,"Steph, been thinking about this red pill stuff and it's like damn you right but at the same time, I feel like a lot of people are being led into a low spirit. The whole idea of pump and dump, sleeping with a random girl who is probably an adulteress. I don't think it makes sense. I think it's best to promote the idea of being with a woman who acc adds some form of value only, instead of this pump and dump because some of these young boys like me  are out here wanting to sleep with any random girl, and eventually this random girl could ruin they life with this pump and dump.",2020-06-29T19:49:13Z,68,5
Sunwoo's Wife: Destiny,"Right. BECAUSE people are aware of the game at a young age, the cycle will keep going on. Some of us actually just want a simple genuine relationship and nothing toxic, but since others keep doing all this and making ppl feel like this the good will be succumbed by the bad day by day ğŸ‘",2020-07-31T23:23:24Z,1,
Fra nk,"So, Iâ€™m assuming you want a LTR. In that case you can spin some plates and from there on decide which is the best girl for YOUR commitment. Promote that plate to LTR. Drop the other plates. 

Common signs of not LTR material: Bipolar Disorder, Borderline Personality Disorder, Narcissistic Personality Disorder, 304 tendencies, A lot of male friends, etc. 

Remember a girl isnâ€™t your priority. Your purpose is far more important. 

NOTE: Do not catch oneitis. Oneitis can easily happen with a LTR. Youâ€™re the prize. Always have an abundance mindset. How you handle the LTR is on you. Utilize The Red Pill. Donâ€™t and you will be sucked back in the Matrix. 

Oneitis - When a guy has fallen in love with a woman in the same way a boy loves his mother. He obsesses about her, but she does not reciprocate.

Plate - Woman with whom you are in a non-exclusive sexual relationship with. Spinning plates is the act of having multiple plates simultaneously. 

LTR - Long Term Relationship",2020-06-30T08:28:15Z,4,
Z Ã˜ N N Y,@Keptnc true bro,2020-06-30T02:02:50Z,0,
The Great,You are a very wise young man and your comment is a breath of fresh air. You know the truth.,2020-06-30T00:18:47Z,18,
Keptnc,Steph has mentioned that multiple times. That the women should add some sort of value to your life especially if you putting your time and especially money into her. He also mentions nothing wrong with dating but you need to be aware and donâ€™t be a fool.,2020-06-29T22:26:40Z,21,
Officialcg79,22 years old and he knows all the facts! Salute to you bro!,2020-06-29T19:49:04Z,0,0
Thabo Msindo,Till she buhhhh !,2020-06-29T19:47:39Z,3,0
"richard ""silky"" johnson",Damn this depressing af haha,2020-06-29T19:45:46Z,45,4
Becoming The 1,Iâ€™m young asf the world is devastating but ima pave a light path for me,2020-07-05T06:06:09Z,3,
dgraymayne1017,"It is bro, but at least we got the knowledge to navigate thru this shit âœŠğŸ¾",2020-06-30T05:56:02Z,7,
Mark Stewart,"Aye I feel you bruh, but you just learning the truth about female nature. Consider it a blessing because a lot of men out here wonâ€™t know this game.",2020-06-29T22:56:57Z,33,
Mr. Dawson,ğŸ˜‚ğŸ˜‚,2020-06-29T21:15:30Z,2,
NOT DRAKE,Mindset 100âœŠ,2020-06-29T19:42:15Z,1,0
Ty's SouljaTM,"Listening to this knowledge in my baccyard with the cool breeze blowing and the birds chirping, after a good workout and protein dinner feels real good fellas. Good shit StephğŸ¥¶ğŸ‘‘",2020-06-29T19:42:04Z,27,0
FREEWOLF JC,U mustâ€™ve got a new pack of tank tops cuz thatâ€™s all u been rockin lately g. Definitely the wave for the summer,2020-06-29T19:40:20Z,0,0
Lloyd Almighty,They sayings are always oxymorons ğŸ˜‚,2020-06-29T19:39:53Z,14,0
Apex Predator,"I want someone to call me every hour . Bring me flowers.. keep it up yâ€™all , keep doing that bogus ass shit ! You gonna find yourself mad ... sad cause bro say this shit over and over and yâ€™all donâ€™t listen",2020-06-29T19:39:44Z,0,0
A L,Patrice o Neal would be proud,2020-06-29T19:39:32Z,25,0
IO TG,"Signed up for the free ebook, can't wait to read it! Been doing a lot of reading as of late.",2020-06-29T19:38:51Z,2,0
Joshua Travis,These women are smart,2020-06-29T19:36:42Z,7,1
AlphaDignity,"They're not as smart as they come across, a woman's emotions always get the best of her.",2020-06-30T20:36:54Z,8,
LegendofSalmonia,Today Steph every bitch is a 304 however we just gotta ask whatâ€™s is the P/E ratio or what is your cut off number.,2020-06-29T19:36:34Z,0,0
Willie Beaman,Shoutout to StephIsCold for droppin that real COLD book. You a real one fam.,2020-06-29T19:33:30Z,15,0
Luis W,Man stephiscold your ğŸ’¯ right on point with this topic bro. Can't get logic from someone that's act's on their emotions ğŸ¤”. I take there word for a grain of salt even the one's that say ( I wouldn't do that to you).,2020-06-29T19:32:31Z,3,0
Andy 4thDimension,7:38 ğŸ˜‚ğŸ˜‚ğŸ˜‚ğŸ˜‚ğŸ˜‚ğŸ˜‚ğŸ˜‚,2020-06-29T19:32:27Z,0,0
Ranen Narsey,"This man be saying the opposite to every girl on social media, and I love it.",2020-06-29T19:31:31Z,49,1
Baring Ave,Ranen Narsey they be lying. Perception is everything to them,2020-07-07T01:55:15Z,4,
TaurenTLT,Numbers donâ€™t lie. Women do. ğŸ¤”,2020-06-29T19:31:17Z,2,0
Nico Gutierrez,"Women love when men  donâ€™t care for them , invest in yourself kings ğŸ‘‘",2020-06-29T19:29:18Z,81,1
Tobi Hashtag,And in cryptos my g xD,2021-02-21T21:21:51Z,1,
Red Black Pill MenğŸ’Š,Aye,2020-06-29T19:28:15Z,0,0
Joshua Travis,"Theyâ€™re cold lol if the guy isnâ€™t cooperative sheâ€™ll lie to another guy to get to close to the guy she does want...lmao itâ€™s not about just dick neither guys, itâ€™s the Dick they actually want and desire",2020-06-29T19:27:42Z,0,0
Christian Calder,I genuinely appreciate Stephiscold.,2020-06-29T19:24:13Z,0,0
Joshua Travis,"Oh another thing the more she donâ€™t lie about her having a husband or something she telling you she want to be your pornstar privately...a dark secret she wonâ€™t even tell herself, thatâ€™s a woman trump card lol",2020-06-29T19:23:50Z,36,4
Joshua Travis,EdIbLe-_-HORSE *out there,2020-06-30T20:10:07Z,0,
Joshua Travis,EdIbLe-_-HORSE and you may â€œTHAT oldâ€ yesssssss ENERGY is that real everyone has someone out that just does for them and itâ€™s indescribable,2020-06-30T20:08:34Z,0,
Joshua Travis,"EdIbLe-_-HORSE A woman can go up to 40 something yrs old and run into a guy who just does it for her , her body uncontrollably around him and thatâ€™s him",2020-06-30T20:04:53Z,0,
Abel Bekele,wym,2020-06-30T15:53:31Z,1,
Mugnym Is World,Iâ€™ve always wondered what a 304 is but I can use mfn context clues so I kinda knew . When he said â€œput it in ya calculator and turn it upside downâ€ I died ğŸ˜‚,2020-06-29T19:21:04Z,74,9
Erik Serrano,hoE,2020-10-08T01:40:07Z,1,
JaYGeE,Chicks put it in my pager back then,2020-07-14T01:58:34Z,0,
Favour Ofoegbu,Hahaha just got it,2020-06-30T07:07:52Z,0,
MTP TA,"I'm dead I can imagine dude turning the calculator upside down an bring ""oohhhhhhhhh""",2020-06-30T02:34:02Z,1,
The Great,"I thought it had something to do with a phone, like how each number got letters lmao",2020-06-30T00:21:01Z,0,
iactuallyhoop,King Staunch search it up,2020-06-29T21:54:46Z,1,
White 9th,I laughed when I found out too ğŸ˜‚,2020-06-29T20:18:11Z,5,
Favour Ofoegbu,Lol I still don't get it yet. Help a brother out,2020-06-29T20:04:08Z,1,
C4Zero,There's this one girl on my IG in her stories keep posting memes about wanting a man who only wants her.  Now that I'm red pilled I automatically know that a guy digging her guts out and he's an alpha with a rotation of women.  If I was still blue pilled I would been white Knighting for her,2020-06-29T19:20:48Z,172,3
Kolby Terrelonge,Always remember that brotha,2020-06-30T14:27:30Z,1,
Dylan Conner,This seems like a dig at this â€œmovementâ€. ğŸ˜‚Love this comment,2020-06-30T04:26:44Z,2,
Dijon Mustard,fams I don't even dig when i'm in the sack. I just sit here and act like she needs to put the heat on or i'm leaving.,2020-06-29T23:51:08Z,13,
Joshua Travis,"Rihanna would always choose Chris Brown over any guy whenever he ready idk if he knows that or not but coming across the page , he would lol the more abrupt the departure is the more she will do anything for you if you let her in AGAIN",2020-06-29T19:20:25Z,0,2
Vic_ V2,She recently broke up with a billionaire as well...,2020-06-29T20:10:31Z,0,
Reel Deal,Joshua Travis also Lebron James. She got a whole crush on him,2020-06-29T19:59:21Z,0,
Hash Brown,All the orbiters needa see this channel,2020-06-29T19:19:28Z,5,0
rKV,"I'm gonna comment before watching the video(I will see it later) but then toxic is not pathetic? Like always worried about what someone is doing? Blaming, discussin? 
So women like that? I thought girls liked a man thats Cold who is not crying and blaming everytime.",2020-06-29T19:17:00Z,0,1
ForcibleSummer44,TILL SHE BUSHHHHHH!!!,2020-06-29T19:15:01Z,0,0
Reliant Norf,"thereâ€™s this girl rn saying that i donâ€™t care about her but she still texting me, this also applies in high school as well",2020-06-29T19:14:57Z,62,1
Ty's SouljaTM,Keep on not caring about her. All we can do is laugh at girls like that,2020-06-29T19:26:05Z,26,
A S,My gggg,2020-06-29T19:14:27Z,1,0
Landi Smith,"I heard ""304"" years ago from AMG (Bitch Better Have My Money). Now, I'm hearing it again. Knowledge ğŸ’¯",2020-06-29T19:14:04Z,8,0
The Evolving One,A chick that kept dming talkin bout pics im like wtf is dis she keep saying im not trying to i said  you going to shoot yo your shot r not she said im not interested you're not my type i said ok  n kept grinding same chick on ig yesterday saying somebody put me onğŸ˜‚ğŸ˜‚ğŸ˜‚ğŸ˜‚ğŸ˜‚ğŸ˜‚ğŸ˜‚ğŸ˜‚ğŸ˜‚ğŸ˜‚ğŸ˜‚ğŸ˜‚ im not even worried nor suprised,2020-06-29T19:12:48Z,0,0
Joshua Travis,That you can always expect them to lie to you I meant,2020-06-29T19:12:36Z,1,2
Jay Harris,ashley jean lmao nah but this shit true been through a lot of this b4,2020-08-25T20:48:12Z,0,
ashley jean,maybe u should date a man instead,2020-06-30T23:21:20Z,0,
Omario,"Dude your thumbnails are fucking with me ğŸ˜‚, you do realise men watch your shit, right my G?",2020-06-29T19:12:21Z,0,0
K- Duce,Damn 366 like in 22 minutes!!!! Dat boi Steph is cold!,2020-06-29T19:12:06Z,2,0
Calvin James Jr.,They love the challenge,2020-06-29T19:11:48Z,21,0
luck Augustin,So woman are naturally inclined to lie to get what they want and it's your job as a man to see through that....,2020-06-29T19:11:05Z,37,1
Gu3ss Wh0,luck Augustin being on Semen Retention will allow you to become the man that will help her feel more comfortable for her to open up to you more. She'll trust you more.,2020-07-01T04:13:10Z,1,
Albert Richard,"304
403
(yelling) HOOOOOOOOOOOOOOOe",2020-06-29T19:10:20Z,0,0
FMC,Gentlemen all those â€œIf your toxic hmuâ€ memes ainâ€™t a joke. They disguising the truth in comedy,2020-06-29T19:10:11Z,436,10
RetroCaye,All good jokes contain true shit - J cole,2020-12-23T18:25:39Z,1,
1ST DEGREE MOBB,ğŸ’¯yes,2020-07-04T07:41:58Z,2,
Zozi,!!!,2020-07-03T06:35:04Z,1,
dgraymayne1017,"Not even comedy bruh, all them memes and shit sad tbh",2020-06-30T05:57:12Z,11,
JOSH 121,Finally someone said itâ€¼,2020-06-29T19:58:22Z,30,
Black,Ain't this the truth,2020-06-29T19:15:07Z,43,
Josh TM,"This man is a father figure for me, so blessed! Stay coldğŸ¥¶ğŸ’™, Stay knowledgeableğŸ”´ğŸ’Š!",2020-06-29T19:09:58Z,1,0
Jerome Williams,Always take a womanâ€™s claims and stories with a grain of salt. They tell the biggest lies. The DMs loaded like she forgot to take out the trash on garbage day. Itâ€™s consistent. The biggest lies are always the most dangerous. Remember that fam,2020-06-29T19:09:17Z,158,5
Madly Better,"@Jerome Williams Well that's ok, these guys put in the work for us.. Not being part of it is a deliverance. They still go for the guy in Navy seal mode. You don't see him but he always ready to be lethal. Keep strong ğŸ’ª",2020-07-01T14:38:41Z,3,
God's_Sun,The small lies they tell are dangerous.,2020-07-01T14:30:16Z,4,
Madly Better,"""The bigger the lie, the more people will believe in it"" ğŸ’¯",2020-07-01T02:43:10Z,4,
Abel Bekele,you dropped this king ğŸ‘‘,2020-06-30T15:52:14Z,11,
Black Route,"Solid video. Something I disagree with is the ""she cheats with the guy she really wants to be in a relationship with"". That is not true in many cases. They cheat for sexual pleasure, out of boredom or just because they know hubby will never find out...saying this out of experience.",2020-06-29T19:09:08Z,57,2
KHALIDisETERNAL,Bro you right. One thing about a woman they are never satisfied. She can have an Alpha digging her out and she'll be like I'm tired of being dug out I need me a medium stick lol,2020-06-30T00:18:11Z,9,
Daniel Day,"I think what he means by that is, if a woman could be in a relationship with a player she would be. But they won't be in a relationship with one because a player isn't likely to stick around because they're players. Therefore women use players for sexual pleasure instead.",2020-06-29T20:31:33Z,15,
GodOfThunder,"Stephiscold, but you know what's colder?









tell me when you know",2020-06-29T19:08:35Z,3,0
J _An,If women really wanted men that other women don't won't there wouldn't be any incels ğŸ¤¦,2020-06-29T19:08:32Z,30,1
Nedum Nwanze,Facts,2020-07-01T00:52:46Z,1,
R VM,"Hence, why women love soap operas...drama shows/movies...reality TV drama....they love DRAMA.",2020-06-29T19:07:01Z,89,3
AlphaDignity,Facts bro,2020-06-30T20:16:16Z,8,
Fattah Om,"Legendary as always 
Appreciate the content fells âœŒğŸ¿ğŸ’¯ğŸ”¥",2020-06-29T19:05:21Z,3,0
Love Noire,Bro changing lives day by day. Love to see it,2020-06-29T19:05:20Z,0,0
Oma,You ain't heard? Steph is Cold!!,2020-06-29T19:05:13Z,0,0
TheGamingAudiophile,Cover Dr. Dreâ€™s wife divorcing him next bro.,2020-06-29T19:05:11Z,35,1
DatBoiSteven,She ran up her bag then dipped,2020-06-30T00:31:20Z,2,
Lawane Davis,Her actions will speak louder than her words.,2020-06-29T19:04:05Z,133,1
Abrye Penez,It always will G. Action always has power over talk!,2020-06-30T16:49:24Z,1,
Mass Raw,True dat!,2020-06-29T19:02:31Z,0,0
Albert Richard,1:41 why? why? why can't i be the mvp of the league? why can't i be the best player of the league?,2020-06-29T19:01:15Z,0,0
Stewart H,Dudes in his 20â€™s and Iâ€™m 36 .... younger guys listen ğŸ‘‚ trust me !! Heâ€™s wiser than me,2020-06-29T19:01:10Z,244,3
Stewart H,Mr. Dawson came from a bad background only realising and been open recently if there are younger men watching this learn from a man thatâ€™s been scorned ! ğŸ‘,2020-06-29T21:22:09Z,14,
Mr. Dawson,He has wisdom beyond his years.,2020-06-29T21:04:56Z,21,
UpNext Lifestyle,My guy with the consistency ğŸ’ªğŸ¾,2020-06-29T19:01:09Z,2,0
CUTON1C,SUB TO THE PATREON !,2020-06-29T19:01:07Z,0,0
C4Zero,Expose them Steph you keeping it ğŸ’¯ I be calling them out they know they have good dudes in their friendzone they won't give the time of day to.,2020-06-29T19:00:47Z,31,3
JOSH 121,Facts bro,2020-06-29T20:00:28Z,1,
The Evolving One,Any thing women say men are doing are aint doing thats really them remember that fellas peace,2020-06-29T19:00:37Z,1,0
Sir Meurtrier,It goes both ways too. A lotta these niggas action donâ€™t match they words. The truth hurts but that shit will boot yo ass to freedom.ğŸ‘,2020-06-29T19:00:26Z,0,0
The Evolving One,Steph you are one of the main brothas that helped me accumulate Knowledge particularly women i want to say thanks man and if any of you brothas want to subscribe to my channel yall come check me out peace,2020-06-29T18:59:33Z,0,0
Jamaican Hardcore tv 5d,Legendary content I watch every single vid .ğŸ‡±ğŸ‡·ğŸ‡±ğŸ‡·ğŸ‡±ğŸ‡·ğŸ‡±ğŸ‡·,2020-06-29T18:59:22Z,4,0
Will Robb,You too damn cold bro,2020-06-29T18:59:21Z,0,0
TaeBeenTrill,100/100 Steph never missğŸ˜¤,2020-06-29T18:58:17Z,0,0
C4Zero,Wait Steph got an E book!?,2020-06-29T18:57:46Z,0,0
John Stamos,"The intro literally have me tearing up.  At 37, I can say I don't need the game.  Just supporting a fellow 'brother'.  I came across the video ""KilltheBeta"" while I was jogging to the gym.  CLASSIC VIDEO!!!
The message was clear and straight to the point.  Plus, it was hilarious the way StephIsCold got on his uncle LOL!!  
But, with all that said, this brother started way before that video (I did my homework), and knowing how far he has come, all the way to dropping a book..... I can't help but to be inspired.  Me, I just want to work, and do my thing.  But for anyone out there looking to really get it, Stephiscold, is surely showing US/YOU the way to do it. I'm so inspired, I have to truly find my purpose and make things greater for myself and kids... Peace G!!!",2020-06-29T18:57:24Z,116,0
Aizen Sesshomaru,Females say they wanna be with Superman but walks past Clark Kent every day,2020-06-29T18:57:08Z,10,2
nsu trey,LEO2001 Batman beta 2ğŸ’€,2020-06-29T21:16:07Z,0,
Ty's SouljaTM,@LEO2001 They love joker 2 lmao,2020-06-29T19:26:38Z,2,
Shadow Band,Steph be calm tho,2020-06-29T18:57:06Z,1,0
Ekay,LesGooo,2020-06-29T18:55:52Z,3,0
TajÃ© Bartley,All factsğŸ™ğŸ¾,2020-06-29T18:55:39Z,0,0
Co_ Jackk,Stephiscold= ğŸ.,2020-06-29T18:55:19Z,0,0
OP,These are some hard facts for men indoctrinated into feminism. Listen to this guys. This is red pill rage phase. Get through it so you can be at peace after.,2020-06-29T18:54:49Z,1,0
Eduardo Diaz,Who else got put on Red Pill knowledge from Steph?,2020-06-29T18:53:50Z,99,7
K A R A B O,@DarkSkin Effect Darius is a G bro.,2020-07-20T18:53:15Z,0,
K A R A B O,@DarkSkin Effect Darius is a G bro.,2020-07-20T18:53:13Z,0,
DarkSkin Effect,I started with Darius M,2020-07-01T17:14:47Z,0,
Bill Jay,Ams too,2020-06-30T14:36:47Z,1,
Rohan Mcnish,Right here bro,2020-06-29T21:53:23Z,3,
Lu   igi,toxicity levels is all women want ğŸ˜ª,2020-06-29T18:53:01Z,181,4
ChaseTheMxney,@Aaliyah Aziz yeah believe it or not Iâ€™m trying this chick out and she does not give the same energyyy as when Iâ€™m laid back and Iâ€™m my masculine frame. teasing her but then showing her love instead of just pure compliments. Itâ€™s crazy.,2020-10-21T14:28:15Z,1,
Aaliyah Aziz,Patrick Morgan ğŸ¤·â€â™‚ï¸,2020-09-06T13:36:04Z,0,
ChaseTheMxney,Aaliyah Aziz pretty much g.,2020-06-30T21:50:17Z,5,
Aaliyah Aziz,All ?,2020-06-30T21:29:13Z,3,
PASSPORT KING - Afi Kingdom,On deck bro....witchuuuuu.Gonna listen while I run this mile real quickğŸ’ªğŸ¾ğŸ’ªğŸ¾ğŸ’ªğŸ¾ğŸ’ªğŸ¾,2020-06-29T18:52:09Z,3,0
Acemulli,The easiest way to attract the female you want is show you are attracted to them then pull back and act like she doesnâ€™t exist. It will drive her crazy if sheâ€™s finds you physically attractive,2020-06-29T18:51:59Z,1261,32
BabyBin love,Coming from a women I donâ€™t fw that shit Fr. He might be telling the truth when it comes we donâ€™t like friendly guys but other than that I like men that give me attention and but at the same time you want a man that has his own life and be on shit too.,2022-09-13T19:10:35Z,0,
Tony Da Man,Thatâ€™s feeding her scraps my G ğŸ˜ŒğŸ’ªğŸ¾,2021-07-29T18:52:39Z,0,
ThatGuyFerny,"@SdK she just wanted attention bro. Literally wanted a texting buddy. Bitch straight up told me â€œ Iâ€™m not looking for anythingâ€¦ I hope this doesnâ€™t change anything though:(â€œ 
I later found out she had a boyfriend 

I cut her off immediately. Keep in mind, and not to brag but Iâ€™m one of the biggest/most ripped dudes in my gym, also Iâ€™m 6ft and Iâ€™m good looking and I dress good.",2021-06-29T20:53:46Z,1,
SdK,@ThatGuyFerny and? Update?,2021-06-29T19:09:45Z,0,
morning glory.,"I swear a guy did that to me and well we didnâ€™t even get in a relationship 
Cuz bitch I pulled back too âœ¨~",2021-04-07T10:12:08Z,0,
Brendan Fogel,Done it and I can say it works,2020-09-21T21:21:01Z,0,
Johann Muster,"YES, it works",2020-08-06T18:07:04Z,0,
N. van H.,"True, it's like poker. Never show all your cards. Once you show her all your cards, it's over. She never shows all her cards.",2020-07-18T09:11:31Z,2,
MarkAnthony perez,@ThatGuyFerny cant pull away if she never wanted you,2020-07-16T00:00:09Z,3,
Vanilla,Fortuna Namputu comedy,2020-07-15T06:02:18Z,0,
I C E,Thats gon make her chase you,2020-07-10T23:46:30Z,0,
Micheal,Women do this shit to me,2020-07-06T01:18:14Z,0,
DutchGamer20,"@ThatGuyFerny you're doing great bud, make her crazy. keep me updated!",2020-07-04T19:09:04Z,0,
Asthereal,naracia ghirga get in the top 10 then. Thatâ€™s on you bro,2020-07-02T10:41:30Z,0,
RTGRISH,TheDarkKnight problem with attractive guys they get second chance but the average looking only got one shot most guys including myself lack game thatâ€™s why Iâ€™m watching his videos,2020-07-01T17:32:40Z,2,
RTGRISH,naracia ghirga true but no money either or status,2020-06-30T17:56:28Z,0,
Brandon Roberts,Thanos Oh that makes sense. Exactly why women give the wrong advice on how to get women. Lol,2020-06-30T17:35:55Z,1,
WhatIn TarNaTioN,I like this,2020-06-30T15:02:45Z,0,
cam wilson,anime boss everything you just said here couldnâ€™t be more far from the truth.,2020-06-30T12:19:01Z,0,
Jermaine Ayivoh,"60% percent of time it works all the time! Joke, THIS WORKS ALL THE FUCKING TIME! Once you figure women out and can read their body language along with correctly interpreting their behaviour, you can even predict their next moves before they even know that they are going to make it. It is like playing 4d chess.",2020-06-30T04:29:27Z,9,
MT100,anime boss this is exactly why I think it doesnâ€™t work. Pulling back works if the girl is acc interested in you,2020-06-30T02:54:22Z,0,
J Beastly,Yoooo,2020-06-30T01:47:11Z,0,
trustfund82,"@anime boss oh damn, you're chick. I thought it was a dude. It explains a lot.",2020-06-30T01:08:05Z,17,
ThatGuyFerny,"Iâ€™m this exact situation man. Last week I approached a girl at the gym, told her â€œIâ€™m gonna be straight up with you, I think youâ€™re cute, would you like to hangout sometime?â€ She said â€œyeahâ€ I gave her my number(something I like to do I give the girl my number) weâ€™ve texted a bit and Iâ€™ve made it clear that Iâ€™m attracted to her. she hasnâ€™t texted back since yesterday evening (no big deal I can handle it) what Iâ€™m gonna do now is exactly what you said, pull away now that I have pushed and see how it works out. Go ahead and leave your thoughts guys Iâ€™m really interested to hear what you have to say",2020-06-30T01:03:25Z,12,
SleeplessInHelsinki,"@anime boss trust me bro. I have tried what you said, you know the ""not complicating thing"".

The thing is if you give your love too easy, chicks will see you as low value and pull back asap. There's no challange for her to overcome. Tell me, if diamonds were as easily available, wouldn't it lose all it's value and nobody would want them. 
..
You really are on Lvl 1 dude. Get redpilled asap!",2020-06-29T23:03:20Z,51,
3DN,Rich Omar says â€œno need to over complicate thingsâ€ then writes a longer message then the original commenter .,2020-06-29T22:25:45Z,34,
Daniel Felipe,",ğŸ’¯ğŸ’¯ğŸ’¯ğŸ’¯ğŸ’¯ period",2020-06-29T21:37:39Z,2,
Dalek C,@anime boss Love your nickname,2020-06-29T21:33:54Z,9,
Fortuna Namputu,"@anime boss You're right, but that's Level 1. He is already on Level 34.",2020-06-29T21:10:35Z,106,
Rich Omar,ğŸ’¯ğŸ’¯ğŸ’¯ğŸ’¯,2020-06-29T20:18:00Z,24,
DJKODINE TV,They love chaos....you have to give her a mental safari of emotions anything outside of that you will be BORING to her .....,2020-06-29T18:51:37Z,34,0
ANGO,Another banger video man keep it up this really helps understand the knowledge of women,2020-06-29T18:51:25Z,0,0
Ogtharula,I think cause they fine that shit thrilling,2020-06-29T18:51:24Z,0,0
DONTWANTJUICE,Steph where u been at on the Patreon bro I need daily red pill dosage,2020-06-29T18:51:21Z,0,1
StephIsCold,I uploaded 2 vids yesterday my bad G,2020-06-29T19:00:55Z,0,
D- Pengx,First in the comment sir ....toxic boys for life #TB4L !!!,2020-06-29T18:51:21Z,2,1
Gold,Hoodville,2020-06-29T20:42:57Z,0,
Djb2x,Cold fucking game G ğŸ’¯,2020-06-29T18:51:15Z,0,0
Antwan Darelle Fenton a.k.a Fantom,ğŸ˜ƒğŸ‡¬ğŸ‡§,2020-06-29T18:51:15Z,0,0
ã‚·mike,if it wasnâ€™t for stephiscold idk where i would be mentally appreciate the knowledge bro ğŸ’¯ğŸ™ŒğŸ½,2020-06-29T18:51:09Z,988,21
The Conscious movement,If it wasn't for steph i would be mentally and emotionally sick,2022-03-27T01:43:41Z,0,
Reda Pill,@Death rager tom leykis first,2021-08-16T00:59:40Z,1,
JaJa2x,If it wasnâ€™t for god you donâ€™t know where would you be my brother ğŸ’¯... god sent him to us to educate the youth ... god bless my brother ğŸ™ğŸ’¯,2021-05-16T01:18:37Z,0,
Rare_Ayk,Word!,2021-02-28T12:17:37Z,0,
Kucci Mane,on gawd,2020-10-01T22:49:13Z,1,
Anna St.,Ayye,2020-09-25T14:33:20Z,0,
Montgomery Travis,relatable,2020-09-18T01:43:29Z,0,
Robert Newell,wang .john He wouldâ€™ve been now if it wasnâ€™t for StephIsCold ğŸ˜‚,2020-07-18T23:03:30Z,0,
ASAP Clody,Forreal for us niggas without male figures to talk to us. This is a life saver,2020-07-01T12:19:51Z,2,
Nagato,True but I bet a lot of ppl already kno this lol itâ€™s common sense... I learned my lessons with females... itâ€™s funny cuzz the shii he telling yâ€™all really true if yâ€™all think he Lyin trust me ğŸ¥±,2020-06-30T23:28:12Z,3,
ChaseTheMxney,He clean frfr. His is more related to my situations,2020-06-30T21:53:28Z,0,
Death rager,patrice o neal. thats also where these dudes get their inspiration from.,2020-06-30T16:42:19Z,2,
Jeremy Baret,JoelWTF same g,2020-06-30T14:58:39Z,2,
YoJoel,"Facts bro , the beta mindset would have taken over me by now if I havenâ€™t ran into steph!ğŸ",2020-06-30T14:02:53Z,9,
Chiang Wang,Stop simping,2020-06-30T10:28:56Z,9,
Sisanda Sikhakhane,You can say that AGAIN!!!,2020-06-30T09:43:51Z,2,
Willie Beaman,We all can say that. This man has been a true life saver.,2020-06-29T21:46:26Z,19,
Pro Touch,"We all had our days g, itâ€™s only growth after understanding âœŠğŸ¾",2020-06-29T20:37:56Z,38,
Hassan Abdi,Steph dropping gems like alwaysğŸ’ğŸ˜Œ,2020-06-29T18:51:04Z,4,0
Julien Santiago,Noti gang,2020-06-29T18:50:48Z,1,0
,â„ï¸,2020-06-29T18:50:43Z,14,0
GÃ¶u,Whatâ€™s the instrumental steph,2020-06-29T18:50:40Z,6,5
Bro Life,@ICECOLD ğŸ˜†,2020-06-29T22:07:44Z,0,
GÃ¶u,Bro Life ya I couldnt,2020-06-29T21:59:11Z,0,
Bro Life,"I couldn't find it either, the way Steph type it",2020-06-29T21:57:56Z,0,
GÃ¶u,StephIsCold thanks bro,2020-06-29T18:53:59Z,0,
StephIsCold,Type in the SoundCloud app â€œ9//9//9,2020-06-29T18:51:33Z,3,
hope Young,Watching from Nigeria,2020-06-29T18:50:36Z,20,4
Jay Harris,MadeBy 20 red pill universal remember tht,2020-08-25T20:45:39Z,0,
kaisertooblown,@Wheeler King which one,2020-07-08T11:18:38Z,0,
Wheeler King,watching from Rhodesia,2020-06-29T23:06:00Z,0,
Tunde Akinrinmade,what are naija girls like.,2020-06-29T20:12:43Z,4,
OB Jackson,All facts bro...mugs needs to wake TF upğŸ’ªğŸ¾ğŸ”Šâ€¼ï¸You preaching famâ€¼ï¸,2020-06-29T18:50:34Z,1,0
Jerome Taylor,Because they cray,2020-06-29T18:50:29Z,17,0
TSoCozy,yurdd inspired me to make my first motivational video || self improvement,2020-06-29T18:50:26Z,2,0
Ruman Live,Actions speak louder than words ğŸ’¯ğŸ‘€,2020-06-29T18:50:23Z,28,0
van powers,you the goat stephğŸ’ªğŸ¾ğŸ’¯,2020-06-29T18:50:23Z,6,0
Josiah Smaw,Just finished reading the EBookğŸ’¯ğŸ’¯,2020-06-29T18:50:22Z,24,1
Becoming The 1,ğŸ¥¶ Iâ€™m ready to take this life long journey. Things will happen but Iâ€™m prepared and this red pill knowledge will be applied to,2020-07-05T06:01:37Z,0,
The Sigma Male,Truth is what what we seek.,2020-06-29T18:50:18Z,16,0
Ravioli Hands,Peace king!!!!ğŸ’¯ğŸ’¯,2020-06-29T18:50:15Z,1,0
Grade.a_24.7,First,2020-06-29T18:50:14Z,1,0
KashKount_ UV,Early gang ğŸ¤ŸğŸ»,2020-06-29T18:50:12Z,4,0
Donald Trumpp,Steph is cold ğŸ‘ğŸ‘„ğŸ‘,2020-06-29T18:50:09Z,1,0
Hassan X,1st of many views,2020-06-29T18:50:08Z,3,0
Ion think I got one,First g,2020-06-29T18:49:58Z,4,0
