Unnamed: 0,SHNECKO,sentiment,cluster
0,first day out youtube jail,1,0
1,welcome back brother,5,0
2,we need more people like you,5,2
3,watch dayz of noah,5,0
4,when you gonna fight brandon buckingham,5,2
5,i m on facebook jail man free me,1,0
6,masculinity will live on,5,0
7,u got a strike,1,0
8,miss your subway train interviews you used to do back in the day bro interviewing random ppl on there way to work hope you bring those videos back,1,2
9,rt don t use bottled water get a brita or whatever the fuck and drink outta dat fr,1,0
10,what a king you re my only hope for your gen,5,2
11,need to make a first day out song,3,0
12,yo i can contest this view the cause of the endocrine disruption of modern day and age are not phytoestrogens we ve been exposed to those for the whole history of humanity they re present in all plants not just soy the cause are synthetic disruptors like bpa i can explain the mechanism scientifically educate the public and provide sources for everything i don t do youtube usually but this is important enough if you re interested for collab let me know,3,1
13,i had a youtube channel based on shorts about andrew tate and it got shut down outta nowhere and i had no copyright strikes spread the word,1,0
14,they tryna take you out my boy,1,2
15,we re back,1,0
16,we re back,1,0
17,sneako keep that energy ps lasan fears the candyman,1,0
18,ily no homo,1,0
19,trying to full kevin samuels and andrew tate shoes smart move mature it up a bit and you could be big big,4,2
20,sneako i know your not going to see this but your our last hope you need to take the crown and lead the last of us to victory of these feminists and bring back masculinity your our last hope pit on your crown and grab your sword and be our leader and lead us into battle thank you the king of masculinity,5,1
21,keep up the grind my guy,5,0
22,fresh home,5,0
23,king king king,5,0
24,they hate to see it,2,1
25,tate morpheus sneako neo,4,0
26,let s get back to ittttt,5,0
27,yaaas queen u go girrrl slaaaayyyy,1,0
28,yes sir,5,0
29,free my mans,5,0
30,w s in the chat,5,0
31,welcome home my g,5,0
32,someone is gonna take this out of context,1,0
33,welcome back man missed u,1,0
34,we missed you brother,1,2
35,why did sneako get suspended,1,0
36,thought you were moving like you said in one of your vids so i didn t even check to see if they fucked with you glad to see you back man,1,2
37,i love sneako,5,0
38,stay funny but be careful take brad martin advice to heart don t cry like him though work around the verbiage a little you are the revolution a bit of advice when you debate don t use phrase like don t you think then follow up with why not when you use this phrase you already lost in the eyes of the viewers regardless if your statement is true or not what you have done is give the respondent an opportunity for a statement which could be bs but that doesn t matter,3,2
39,happy for you,5,2
40,you speak the truth sneako all these young people need to listen to guys like you and remain unplugged just be careful because sooner or later they ll try to cancel you they always silence the truth,1,2
41,glad your back do your thing we got nothing else,5,0
42,happy your back,5,0
43,where does sneako stream cuz i cant find his streams on youtube only parts of the stream like this video can anybody help,1,0
44,freedom of speach strikes again are u on rumble,1,0
45,let s go,5,0
46,the king has returned,1,0
47,stop watching them,1,0
48,don t let the yt police catch u again,1,0
49,we was screamin free you till its baccwardzz,1,2
50,where s your rumble,5,0
51,plug the rumble dawg,5,0
52,glad you out bro,5,2
53,let s get back to it sneako,1,0
54,my brother please then i hope you will interact with surat al rahman by sheikh nasser al qatami 2017,5,0
55,nick is still trying to ban your channel over a joke,1,0
56,welcome back g,5,0
57,yesss hell yeah bro keep em coming,1,0
58,welcome home,5,0
59,youtube is going to eventually get canceled,1,0
60,welcome back king lol,5,0
61,bro it s crazy that your 23 and i m 22 bro you make me wanna get started on youtube and just start sun sorta content bro keep up the work bro if you get canceled trust me the viewers will fight,1,2
62,this fuckin sucked,1,0
63,honestly at this point youre building a like minded community fucking awesome,5,0
64,why are microwaves bad,1,0
65,keep doing what you doing my g masculinity is facing extinction and it s our duty to school shit people about it with all the tools we have,5,1
66,according to current research soy has neither a positive nor a negative effect on testosterone levels the estrogen level also remains unaffected,2,0
67,because being a man is too hard that s why all they bi es want to switch their genders lol,2,0
68,ayeeeee idk who those people even are but i know who you are from tik tok and i m glad i found your youtube,5,2
69,10 48 sneako bugging,1,0
70,they are all brainwashed by their leader drew buffalo who looks like the grinch as a drag queen,1,0
71,i took therapy and it s a business where they profit from you being stuck and emotional but the biggest red flag is that female therapist out number men especially in low income communities it s about making men more emotional like women that s the woke agenda,2,1
72,i can t these blue pilled male feminist soy boys who s only strategy to getting laid is pandering to women being so woke it s cringing,1,0
73,people who hate sneako haven t watched a stream,1,0
74,shneako s face when he listens to the soy explanations,1,0
75,l soy products pick up cooking it helps you be more healthy and it s attractive,5,2
76,10 53 chill son lol he works out,5,0
77,theres nothing wrong with men becoming femenine,1,0
78,this guy in the kingdom would absolutely shit on demons,1,0
79,lmaooo the thumbnail,5,0
80,bruh i drink soy cause i m allergic to dairy but ima start drinking dairy products and deal with the consequences cause nearly everything the dude listed was true about me,1,0
81,fuck the system,1,0
82,no word of a lie who is sneako reacting to,1,0
83,3 23 i m stronger i m smarter i m better i am betterrr,3,0
84,don t forget hops in beer contain a lot of estrogen as well,1,0
85,bro i got man tits n ion even eat soy wtff,1,0
86,harden up mate and keep doing you don t let these pussies get to you,5,2
87,people obsessed wit u sneako ay we got 800k in the army still growin the femboys are angry all liberal men are cat boys,1,0
88,honestly i might got a soy latte cuz i wanna know what all the hype is about i ll take one for the team i will report back and tell y all wtf a soy latte tastes like kinda scared ngl,1,0
89,let them talk because you re the topic and that s what gives them views what they do is piggyback off your name,1,2
90,why is everyone talking about literal soy in the comments last time i checked a soyboy was a dude that gossips and acts like a straight bitch for a career and it shows that these people in the comments are all pretending to be hell bent on natural soy as if they aren t trying to make it obvious that they need to cope and grow some fucking balls,1,1
91,i totally agree with you men are becoming more and more feminine these days the world turning gay this gen ain t no real man left i m glad i got married to a real man who doesn t whine or complain all the time or type trash to a female and not have the balls to say a female in real life or even have the balls to talk to one they cry over the stupidest thing they start watching chicks flicks now and cry over it if you don t agree with them or feel sorry for them if they cry over it my man don t watch chick flicks he likes action movies he dosent whine or complain or cry over a chick flick movie if he decides to watch lol but he never will watch my man a manly man,1,1
92,spring water keep it natural boys,5,0
93,collab with hamza,4,0
94,lmfaooooo this man pulled up a pjw video to investigate,1,0
95,sneako is the truth,5,0
96,this guy is the next andrew tate topg,5,0
97,one thing your 23,1,0
98,ur yelling at me,1,0
99,sneako i can run ur channel better and open up your mind watch days of noah,5,0
100,wow thank you,5,2
101,facts and it s becoming disgusting and gross western men are so feminine,1,1
102,you go on this whole rant about how they re boring but you do the exact same thing and spam fucking sound effects and watch itscomplicated because you re not entertaining enough to live stream respect on ur main channel though you just need to wake up and have some self awareness,1,2
103,sooooooooooooooooooooooo when you gonna fight brandon buckingham,5,2
104,the redpill and masculinity is spreading like wildfire even the people who try to controll us by controlling the media and the narrative are failing to stop the rise of men more and more wake up everytime thanks to the like of shneako andrew tate undead chronic ribby the party frog etc,1,1
105,people like shneako and andrew tate gets hated by the weak because theyre jealous of the strong bring back masculinity stay true to yourself no matter how angry it makes the world their opinions have no value only listen to the people you look up to and ignore the people you look down to,1,1
106,i dont know sneako except from that hamza roast but i think andrew tate reawakened sneakos masculinity lmao,2,0
107,i m anti woke and pro soy i had a family member get sick and started deep researching anti cancer diets soy is a good anti cancer and pro immunity food the phytoestrogen in soy actually counters human estrogen that s why studies on women with breast cancer who consumed the most soy had higher survival rates it blocks the actual estrogen it also is associated with lower levels of ed and impotence,4,1
108,yea for women not man bots cant even listen to the dam video,1,0
109,this is actually true also broccoli is good to produce t and dht,5,0
110,ayy bro take yo meds,5,0
111,cuz gay,3,0
112,what about cow s milk that stuff literally contains estrogen,1,0
113,so what foods are we supposed to eat because these fitness nuts always say that but want us to buy a 100 dollar course just to tell us what to eat like no gang,3,1
114,ok shneako you took it far because some moms breast can make enough milk for the average baby to need so they need to resort to formula but hey i love you and i love what you do to change masculinity,3,2
115,tate for president,4,0
116,easy answer bc it doesnt matter lol,4,0
117,if my wife s name was worth a shit ton of money i would take it like koch,1,0
118,whats wrong with microwaving food,1,0
119,also heating thing up in plastic containers is not the healthiest either,3,0
120,it heats uneven as fuck get you a toaster oven infinitely better,1,2
121,sneako has been leveling up the past couple months he just keeps getting better and better,4,0
122,me who eats sushi with soy sauce,5,0
123,youre getting better at speaking off the cuff,2,0
124,damn i eat soy sauce with my rice,1,0
125,this is why it is better for the women to stay home and cook for their family so they are putting the right food in their body,3,1
126,soy is in almost everything,5,0
127,i have a feeling you watched so many lives that sucked and you thought i can do that and actually be interesting so you did it and you re right you re not just a body on the screen with nothing to say your content is interesting,5,2
128,it s sickening the amount of guys i speak to in socials that give a weak ass handshake my handshake isn t the best but i always give a fairly firm one you can really tell someone s testosterone levels from their handshake pressure,3,1
129,you need help man lol losing yo mind,1,2
130,ludwig aka c ckwig,5,0
131,kids exposing there parents secret agendas on youtube should be the ones cancelled they can t even do they job right,1,1
132,bruh just admit these ducks likes watching curvy women takin this pipe and damn near sound like victims,2,0
133,bro tate was banned i think you are the next i d definitely follow you on rumble,1,2
134,top g,5,0
135,bro ur getting banned younger top g,1,0
136,if hopsin and brandon hampton had a kid together thats sneako,2,0
137,but paul joseph watson didn t say anything,1,0
138,i m about to drop two different statements one is why i fuck with andrew over sneako and vice versa first off sneako has insane arrogance you can tell that in nearly every video except this one it always comes out when he s sitting there and talking by himself i live rent free in these peoples head i win every debate within three sentences they can t stop me i m better than them not the exact words of sneako but close i think he makes great points and does win majority of his debates which i also think is why many people won t debate him because they re scared of being fucked up the ass by him but again he let it get to his head which is a shame because when people get arrogant it is usually the beginning of that mans downfall now for my second point sneako approaches the topic of women a lot better than andrew and i mean a lot better andrew as we all know is very forward with the subject and is often times hypocritical like the times he has said oh yeah my girl cant cheat that s haram but i can because you think guys always fucked just one chick nahhh there are studies proving that girls would sleep around in ancient cultures and even in caveman times but go off ig andrew all ya doin is going to ruin ya public image more in my opinion sneako thinks more of women and is a lot more fair to them rightfully so keep that up my guy cause we know that is what killed andrew,4,1
139,yo watch more plates more dates testosteron is actually derived from soy,2,0
140,i agree with the guy but does he really think refugees are that bad especially muslim refugees,3,0
141,this mans got them all in the palm of his hand,1,0
142,1 12 to paraphrase rollo t this is the beta mating strategy they think they can get laid by virtue signaling this is analogous to those cucks who believe by being friends with women you will slowly build toward being their boyfriend it never works but is hilarious to watch,3,1
143,has sneako always been as goofy as this d i remember this guy from like 3 years ago but what is this shit now,1,0
144,he s right about them not streaming live they rely on the sound effects and memes to make it entertaining,3,1
145,w sneako w hamza w tate,5,0
146,u do need therapy,5,0
147,while soy is a good source of protein it is not good for men it contains heavy amounts of something called phytoestrogens basically a really strong plant source of estrogen when you look at menopause supplements they always contain soy as well as other things that are high in phytoestrogens when you look at skin care for post meno females massive amounts of soy isoflavones genistein phytoestrogens there are many other things like amino acid supplements pea protein and collagen protein that will help you shred and loose weight especially if you re vegan men don t need soy it also makes people swell water weight to some degree,2,1
148,soy isn t a great protein source since it s not as bioavailable as cheese or milk protein which means it gets absorbed less by the body you can look that up,3,0
149,bro in the us they drink soy milk and think it s ok while in romania i drink wine and beer at 15,3,1
150,idk if thats something to be proud of,3,1
151,it s basically the only way to survive as men in today s society especially since men are becoming hated more often and are the target of attacks it s basically a defense mechanism to protect themselves and there reputation because if you ve encountered a radical feminist or a person with extreme radical ideas it gets deep and heated fast i had an experience where a girl i had class with said she hates men but in simplified terms all men it was akward ash,5,1
152,i won t lie shneako not sneako owes andrew tate a lot he s moving up to a milly subs quick as fck and i think it s because of the tate movement sneako is good at what he does but tate definitely boosted him,3,0
153,what is a soy boy mean,1,0
154,destiny is a soyboy and you re friends with him,5,2
155,bruh i used to know that guy noah he was a videographer for rappers back in the day,1,0
156,whil wheaton is real thought he was just a character,1,0
157,sneako vs me in a fight would be pretty good we re both slim i m sure there s a lot of people who want to see either of us knocked out lol,3,1
158,what season we in,5,0
159,bro sounds like daily dose of internet,1,0
160,hello everyone,5,0
161,shneako is a friend i didn t have when i was 22,4,0
162,also sneako you re all a bunch of sad incels w too much redpill,1,2
163,0 32 spitting bars,1,0
164,ok i m definitely staying away from soy i ve been doing good so far but i gotta be extra careful now,3,0
165,lmaoooo yo is this you re job chick has got to be one of the most reprehensible people ever,1,2
166,boys if i m allergic to both nuts and soy does that mean that i cannot be gay because i can t eat nuts and i can t be feminine because i can t have a high dosage of soy my body rejects those two would this suggest that by default i should have a high testosterone level call this a test question,1,1
167,idfk or care tbh lol,1,0
168,idk do gay men have more estrogen than testosterone first we would have to prove that estrogen or testosterone makes you gay or straight which im not sure if thats the reason or not because some straight men are less masculine and more feminine and some straight women are more masculine than feminine so i would say that no your estrogen or testosterone levels do not make you gay or straight it may be a contributing factor to being gay though if other behaviors are observed,3,1
169,as a mostly white person i m sorry for my fucking race,1,0
170,watching paul joseph watson in 2022,5,0
171,this kid is doing the exact same thing that he s criticizing the others of doing also kid looks like one thems other kids that become rich and end up destroying their lives with drugs and alcohol,1,1
172,what type of man sits around like ooh i wish men around here were manlier like wtf,1,0
173,society would be better if men became a little more masculine,3,0
174,smoke herb occasionally take edibles instead,3,0
175,5 30 oof,1,0
176,fuck bro i think i have gyno but i m working it out only 12 so probably,1,0
177,keep opening the peoples eyes,5,0
178,i can t lie i love whole milk but soy milk kinda good but whole milk will always be on top,4,0
179,room shambels opinion,1,0
180,ok but the breast milk comes from a woman that has extrogen no testosterone and the little boy that drinks that is similar to drink soymilk is a stupid question myb but i want answers ahaha,3,1
181,let s bring masculinity back,5,0
182,being high energy and talking quickly isnt a quality sneako,4,0
183,these lames don t deserve in any detention,1,0
184,they re not anymore dont push that narrative,1,0
185,anyone else get a drag queen piece of trash ad before the bud started,1,0
186,snicker boy you are feminine,1,2
187,ok jonathan,3,0
188,i know many trades men who would think you are as soy as you are calling these guys lol,1,2
189,idk what s the plan behind these leftists supporting islam im muslim and honestly i think they re full of shite i know they d ban hijab as soon as they can and say it s pro choice or something plus we re against homosexuality in islam like strongly against it so idk why are they trying to win us they think we re stupid,1,1
190,disliked for associating eating soy with being a liberal you can be a conservative and vegan you re better than this sneako also soy does not decrease testosterone phytoestrogen is not the same thing as estrogen literally the beer that pjw likes to drink has more phytoestrogens look at this skinny neck guy acting like he s a manly he doesn t exactly have a deep voice or a lot of muscle mass testosterone levels are definitely dropping and that s because people s lifestyles are fucked they only eat processed junk and sit inside all day never exercising it s not because people eat soy what is it with conservative people and being anti vegan,1,1
191,leftists will do anything but take accountability,1,0
192,i made it into the video at 11 50 epicccc,5,0
193,bro fem men have been around since cave men there are a lot more actors these days for sure but fem men is also biological,3,0
194,sneako come to belgrade,5,0
195,i support refugees but not everyone is welcomed,3,0
196,men and women can be gentle and also can be tough just be yourself some dudes are very competitive and some are just loud as fuck samd goes for women you don t have to be loud and talk down to a stranger to establish your manhood and to the women respecting men doesn t make you lesser person do men think we are lesser being because we hold doors for you and tries to protect you it s out of respect it is mens natural duty to be protective towards to women just be youself and remember that life is about learning control your emotions so you can make logical decisions otherwise they will use your emotions against you to control outcome of all you do guard your heart be confident but don t show it out loud all the time real g move in silence tigers and lions don t bark think about that,5,1
197,paul joseph watson is so on the money,3,0
198,soy blocks your testosterone and also blocks your body from obsorbing nutrients from food plastic water bottles are lined with estrogen to,1,0
199,1000s of years ago these soy boys would not exist modern crops have allowed this inferior genetic material to thrive back in the day they d been eaten by sabertooth tigers while the women would be hiding behind the high testosterone men blue hair feminist would be pleading with with the patriarchy that doesn t exist to please club them over the head and drag them back to cave and cook whatever brontosaurus you bring home to the cave thousands and massage your feet guys you ve been domesticated like house cats what is best in life to crush your enemies see them driven before you and to hear the lamentations of their women,1,1
200,don t drink water from plastic bottles releases bpas which mimic estrogen,1,0
201,maybe your misogonistic and need to touch grass,1,0
202,bro i drink soya milk because i was used to it i m bout a stop,1,0
203,accepting muslim refugees is normal afyer all the us was the problem as to why their homes are destroyed dont let me start hating on u sneeko,2,1
204,nah hating on immigrants is apparently the new woke now,3,0
205,the main thing just avoiding carbs its just pure sugar and stresses our bodies out in several ways we have evolved to to eat fruit veg meat and thats what we should eat not carbs and soybeans are fine lol the studies are flawed because guys who easily follow others who tell them to eat soy have low t in the first place hence why they follow bs like soy diet,2,1
206,carbs are the main source of energy for us carbs are really important,5,0
207,bro can u put a shirt on please your viewers are men so how s it make sense to have your shirt off save it for the ladies,1,1
208,gentleman just read workout lift heavy and drink water don t do drugs and keep alcohol to a minimum,1,0
209,i went to the soyboys video and told him he s a soyboy immediately found out his fanbase you do realize that term comes from alex jones right it s not textbook it s alex jones bro stfu i don t give a fuck about that tin foil wearing lunatic the mustache boy is a soy boy commie bastards trying to take over america it s not happening not if we the real citizens of america can help it america is not supposed to be this inclusive sure freedom means inclusivity but not complete inclusivity allowing outsiders the same treatment as citizens is only going to cause problems,1,1
210,they all the same w sneako love you bro,5,2
211,you don t know what feminism means,1,2
212,soyboy is a funny word to use but consuming soy does not affect testosterone,3,0
213,yeah call them fluoride boys,5,0
214,that soy shit is cap,1,0
215,any female born after 1993 can t cook all they know is mcdonald s charge they phone twerk be bisexual eat hot chip lie,1,0
216,9 20 if the migrant was actually muslim he wouldn t have been gay,1,0
217,honestly muslims dont want anything to do with libs the left lgbt or the democrats,1,0
218,finally someone talk about this,5,0
219,hes not white bros,1,0
220,bro i m tellin yalls kids be cutting off them legs to get the handicapped parking spot and teachin them kids it s ok to do i feel bad for the people who actually need them cuz then stereotypes fuck em over and idk who to hate anymore and then you got the people that can t tell the difference and start supporting bs,1,1
221,wait so soy y all mean like the sauce can effect me too god damn what am i gonna have my chicken with ranch,1,0
222,no it can t they re lying soy in itself is not bad for you,1,2
223,good point but how tf do you get faster,3,2
224,paul joseph watson is the man,5,0
225,because it will be easier for eastern powers to take over,3,0
226,they might be watching this rn hahahah and might be thinking of a good comeback video,1,0
227,15 14 respect,5,0
228,dude save the future,5,0
229,5 30 he slipped and said the n word,1,0
230,bro he s half filipino and half black,1,0
231,hes not white tho i m black btw,1,0
232,legit question i dont understand why to drink bottled water vs tap whats the thing with tap water,3,0
233,can t wait to see you at rumble,5,2
234,where tf have i been since when did so many men start consuming soy products and why,1,0
235,props to you sneako,5,2
236,am i trippin or he said the n word,1,0
237,taking your wife s last name is only acceptable if you have a embarrassing or bad last name,1,2
238,but have you tried vietnamese soy milk,3,2
239,my ma has breast fed me untill i had teeth cus i just bite her so first she gave me formula 1 day passed and she understands that i was growing breasts she threw all that formula shit away and started giving me goat milk from the family goat now im tall blonde and with a deep voice,1,0
240,just discovered you holy fuck you re based,1,2
241,natural selection should get rid of all male feminist blue pilled soyboys,5,0
242,funny how hasan charles and that bearded police officer sounds just the same,4,0
243,the world is doomed if majority of men are like those liberal soy boys,1,1
244,i feel like the more and more videos people make on you that s just gonna be an easy sign for youtube to see and just ban you for no reason and i am also confused as to how you have haters as i haven t heard a terrible take from you and was a little crazy to see normal people excited and happy to see you beat up in that video those people always use harm as a solution never understood that,5,2
245,aint no way 9 04,1,0
246,sneako ignore my pop but when you do the high voice thing and get really emotional weather its annoyed angry be non bias and professional and everyone can take you more seriously take after tate he can be completely chill yet exciting and get a point across hope you see this and ignore my spelling im eatng rn,2,2
247,it may sound weird but the evolution obviously skipped theese mothrfucke s how do we deal with them they are real threat,2,0
248,sneakos discord is the biggest joke guy acts like the pillar of red pill freedom of speech yet the staff there and amount of lack of speech is insane,1,1
249,you used to be more articulate persuasive and sober before your brain is still high tier your direction right now though is polarising,3,2
250,l on taking your wife s name unless you re marrying into money,1,2
251,when are you getting leafy on,3,2
252,why western men are becoming feminine,1,0
253,look at his manly mustache and look at sneakos pubes stache he looks more masculine than sneako no cap his behaviour is weird but rage streaming is immature sneako your the most lit streamer for children and incels,2,0
254,9 44 this study was performed on rats or mice where they gave them insane high amounts of soy no human ever consumes these amounts of soy and there are no definitive human trails where a lowering of testosterone or sperm count has been observed soy actually shows health benefits when consumed moderately asian cultures have been consuming soy for ages and before the western diet got introduced to them they where healthy af i m talking about natural soy here not gmo soy that is also sold in the us,1,1
255,was looking for this comment thanks,5,0
256,right people should stop spreading misinformation about soy,1,0
257,it s not just soy but fermented soy fermentation in some vegetables has amazing benefits but it might still effect people with sensitive endocrine systems soy is one of the natural foods that are too volatile for human endocrine systems,3,1
258,upload on rumble as well as youtube then slowly transition over there you know this isn t the last ban,1,2
259,red meat gets pumped with carbon monoxide known poison to keep that red look on it meat is dead so therefore the decaying process started once the insides were exposed to oxygen,1,0
260,i agree with the muslim ban too sneako,1,0
261,i m here for the brett cooper simp videos lol i don t even know what this channel talks about other than that haha from the comments it sounds like we got some everymans man pep rally shit goin on lol just ring me when we got more brett cooper comedy lol,3,0
262,i think it s a city thing i m from philadelphia and people say the same exact things that they say to you to me i m loud i m angry i m mad something s wrong with you blah blah blah,1,2
263,especially you bro you are coping and also feminine,5,2
264,shneako looking like he is on 3g of white powder,1,0
265,you need to get out of the house my g,5,2
266,what does refugess have to do with this,5,0
267,i need to check my testosterone at least 3000,1,0
268,is soy sauce the same lol,1,0
269,how do you not have a million subscribers,1,2
270,good meat pause,4,0
271,just got my moobs cut out cost hella money and my confidence as a kid and teenager it s been 2 weeks hasn t fully healed yet but my confidence and posture is up like it should ve been years ago the estrogen and high prolactin levels on top of being raised by women and being addicted porn is what s killing our manhood,5,1
272,im 17 and i have moobs idk what to do,5,0
273,how dare you white soy boys why they gotta be white oh that s right most of them are white i think destiny is their leader,1,2
274,fuck soy tbh even on a cut i stay miles away from the stuff soy souse doesn t count right,1,0
275,put this guy in a debate with destiny and watch how quickly sneako resorts to simply rolling his eyes or making smug generalisations rather than engage in a mature discussion,5,0
276,these guys are in the entertainment business they all do it destiny does it too destiny d rider,5,1
277,why is it the only ones labelled insane misogynist etc etc etc that actually have any integrity,1,0
278,happy birthday goat,5,0
279,man the world has become strange,3,0
280,first fourty eight,5,0
281,i started using only soy milk becous my doctor said it would be good for my skin but it didn t improved my skin what happens was that i was getting gyno man boobs i then stoped eating soy an they are now slowly going away so stay away from soy,2,0
282,what do you guys actually gain from spreading such obvious bs hahaha i really can t understand it,1,2
283,thats bs lol,3,0
284,it s the white liberals they r all nuts,1,0
285,the reason your high energy and they hate it is the alpha in you don t change and conform to the matrix while these clowns have,1,1
286,who s that british sounding guy with a world map behind him,1,0
287,you want to get banned so bad but nobody cares d,1,2
288,bro seems like he s on stimulants,3,0
289,you respect genuine people that deserve it like aba and preach regardless of their stance i respect that regardless of your stances,5,2
290,isn t half of all asia having soy based everything lol,1,0
291,this soy shit has already been proven to have no basis in reality yet people are still yelling about it what the fuck,1,1
292,do you guys want him on rumble,2,2
293,u tha man sneako these blue guys just tryna be superman and believe in them disney happy endings,5,0
294,sneako making a reaction video to people dropping reaction videos about him and then clowning that they re making reaction videos when he s doing the same thing wild,1,0
295,eyebrow slits are feminine,2,0
296,how come,5,0
297,we love you sneako,5,2
298,what soy milk is my fave tho this whole time,5,0
299,hey brotha you were speaking facts on f f the other night bro keep it up,1,2
300,what donald trump is to late night talk shows sneako is to reaction creators,5,0
301,man this aint no place for no hero,1,0
302,comment sections cucks don t realise meat and milk contain real estrogen that is identical to female hormone phitoestrogen have nothing to do with estrogen it s just the chemical name for it,1,1
303,my conspiracy theory s gut telling me that those demon worshipper put something in our water sources and massive liberal media propaganda of course however they don t need to secretly poisoning us anymore because are you sure that thing injected to your body is a real vaccine come on we know they blatantly announced their plan about population control in world economy forum in davos right,1,1
304,your t levels change on daily basis theres nothing wrong with soy as long as you restabalize your t levels afterwards eat some steak raw onion eggs go workout get plenty of sleep etc the problem is them sneaking it into every product we buy that way were forced to overconsume it without knowing literally the other day i bought little ceasars pizza and one of the ingredients was soy pizza doesnt even need soy,2,1
305,dawg same shit with my wtf does it need soy for i these everyday bc i m not old enough to be buying my own shit yet plus fam balls on a budget so ramen just convenient asf but chose to read the ingredients after all the talking about i and no more microwaved ramen for me back thing is i doubt they did this to mircowaved food in the late 90s and early 2000s,2,1
306,sneako youre a woke soy boy you speak the right message your just the wrong messenger,1,2
307,hey shneako new sub i came from hamzas followers first i saw your feud but i really dont care about who were you now you interact again with my boy adonis and i got interest in your content new sub from ecuador,5,2
308,wait so is soy sauce going to lower my testosterone too cause if so i m going to have some issues,2,0
309,it s because most men now a days buy into the bs that women spew that men have to be in touch with their feminine side and the funny part is that they hate men who are in touch with their feminine side lolz that s hilarious which further proves that women don t know what they want,3,1
310,men dont have one,1,0
311,damnnnn this video was bad,1,0
312,was depressed for 8years started bc of some scummy female that just did me dirty then i never really did anything abt it to fix myself then i got into drugs and had a genuine chemical in balance up in me head there but finally over the last few months after watching sneak i fixed myself started working out eating better food like fruit good meat other healthy shit and im no longer depressed that easy to get my shit together been sober for 2 years now and im fucking happy its great,5,1
313,ai wifebots and synthetic will replace women 2030,5,0
314,we have the same story but for me it was 4 years thank god i found sneako and hamza,3,1
315,w come up story not woke just awake,1,0
316,classic jabaited tea w,5,0
317,i m glad to hear that pal keep the good work and live the moment also i suggest you to watch the rational male vids,4,1
318,goat keep it up,1,0
319,mad props my boy,5,0
320,bro when i quit it took weeks to get out of withdrawal my rule now is anything than be sniffed must be avoided so anyone who pulls drugs out i gotta go cause i m gonna want to do them,1,1
321,it s amazing how you re entire life will change just from getting healthy,5,2
322,if i could add more do not date nor married divorced single mothers i m grateful for my child but if you aren t happy it s harder to be a good parent you have to fake it sometimes for the sake of child s mental health it gets tougher,3,2
323,i m glad for you bro idk what happened but ur on the right path i pray for you and keep growing as a person,5,2
324,w bro congratulations man,5,0
325,happy for u bro,5,0
326,what foods to eat and where to get them help a nigga out,5,1
327,that s great but remember not all women are bad and also don t rely on sneako for your gains as true progress comes from within,3,1
328,the being sober part was prior to watching sneako but the working out eating good food really solidified it and im more motivated than ive ever been,4,1
329,average sneako w,3,0
330,bro what s wrong with microwaves though,3,0
331,boy what narcissism does to a mf,1,0
332,guys u know that soy doesn t affect the testosterone in any significant level stop listetning to some clown screaming and just check for yourself,1,1
333,this man is the definition of top g,5,0
334,the soy boy s mustache looks fake,1,0
335,5 32 my first time hearing him say nigga,1,0
336,paul joseph watson content is solid and to the point my man,4,0
337,i eat good quality meat,5,0
338,you re built like a freaking twig lmao stop flexing your bones,1,2
339,are you gunna get in a call with brandon kinda have to back your words bother we wanna hear the talk,3,2
340,i respect you voicing this truth but i can t be a fan if you fuck with tate he s a trust fund child had everything handed to him and made it look like he came up like drake basically his daddy was a grandmaster chess champion in england and gave his mother alot of money for both the brothers to be rich before they graduated,1,1
341,lol who cares about how he came up the ideas are the point his life story is irrelevant we shouldn t like him because his father was a g and his mother took care of her kids lol so he comes from intelligent and competent blood that s a good thing,3,1
342,sneako you are based and i like you just try not to say the lord s name in vain plz,5,2
343,no hate but i swear i head sneako say the n word,1,0
344,hey sneako what do you use as app to record like this i want to start too,5,2
345,these speed rip offs be getting outta hand,1,0
346,missed you broski don t let em stop this message this shit needs to be heard,1,2
347,i just started seeing your content for like a week now and omg so much has happened it s crazy i feel like i woken up to what s rely happening this it crazy,1,0
348,sneako bro watching this arc of your like is really entertaining lol when in your thirties i m going to be fun watching you cringe at your past self which is who you are today hahahaha,5,2
349,get that milli bruh fucking love the content,5,0
350,they want you cancelled but without you or andrew tate those people don t get views let s be honest the only reason the get views is cuz they talk about you guys keep the hood job sneako,1,2
351,extremely common sneako dub,5,0
352,sneako you should get sam hyde on,5,2
353,theres no way sneako is actually watching paul wattson,1,0
354,bro there gonna cry keep going common sneako w,1,0
355,anyone know who the soy milk guy he reacted to is,1,0
356,euuuughhh speak your truth,5,0
357,well i think this is happening because easier times of living not just here in the united states but all the wealthier economies like korea for example,4,1
358,imagine being his neighbor,5,0
359,sep 8 word of the day mawkish mawkish means exaggeratedly or childishly emotional and is often used to describe works of art music or literature that a critic finds cloying from merriam webster,1,0
360,i m gonna make a video on sneako this weekend but not a bad one i m just really proud of this man,5,0
361,pez neck bro,1,0
362,god damn relax hoes,5,0
363,that dude has a mustache like a 70 s porn star,1,0
364,calm down weezy u gotta get with the program stay low for a sec the feds watching ya dawg you been talkin too much,1,0
365,all of this guys information is outdated dairy gives you acne and red meat makes ur dick soft don t believe this shit,1,0
366,you been my main source of entertainment recently keep going brother god be with you,5,2
367,we are not making it out the culture of conspiratorial thinking bred by anti intellectualism,1,0
368,they re npcs,1,0
369,men becoming feminine is a good thing,4,0
370,lmfao how it s definitely not good,1,0
371,aint no way,1,0
372,15 15 this clip is life changing,5,0
373,ngl the aba diss hurt my soul,1,0
374,sneako u have become a sheep to the elite this is what they want they want you arguing and complaining its all a political game and we are all losing,1,1
375,sneako you are feminine we forgetting you watched your girl sleep with another man infront of your eyes,1,2
376,u took your wife fucking last name you forking salop haaaaaa i bet she s wearing the bath tower on her waist,1,2
377,bruh sneako bout to school shoot some people,1,0
378,13 43 mindset is big as well a can do attitude goes a long way,5,0
379,lets go,5,0
380,there s so many npc s,1,0
381,bro not gonna lie this is giving off the boy vibes,1,0
382,bruh why is this guy correlating rape with islam how stupid can you be when an atheist does it or a christian does it then he s just a rapist soyboy,1,0
383,wasnt that soy video already debunked many times years ago i thought sneako said he was informed,1,0
384,sneako has held the torch beautifully,5,0
385,man i missed this mofo welcome back sneako,1,0
386,its always the frail or fat guys that complain,3,0
387,i found yo channel through brandon buckingham now you wanna say hes a rapist,1,2
388,shneako the no,1,0
389,who s the guy he reacted to,5,1
390,preach that shiitttttt,1,0
391,move over to rumble and let s take cfvi,5,0
392,sneakooo i miss u bro,1,0
393,bruh i m allergic to milk what should i use as a substitute,1,0
394,actually noah has more views on other vides,2,0
395,he came back i miss you dude,1,2
396,soy milk taste nasty supposedly healthy i mean might off been coconut milk but still don t taste as good as cow milk well jersey milk don t rate american uk milk so much,2,0
397,man it runs so deep,2,0
398,bro i m woke but i like soy milk smh but specifics one,3,0
399,well i have a few people i need to tell about soy,4,0
400,soy doesn t affect testosterone levels,1,0
401,sneako the goato,4,0
402,ha imagine having the money to afford fast food,4,0
403,you do look like you going insane my boi tho,1,2
404,that guy is a certified g,5,0
405,abundance of instant gratification is making men become lazy abundance of instant gratification is making women become entitled we are both at fault stop with the woman hating shit,1,0
406,get on rumble and linked in brother let s keep this movement going they re gonna take you out soon,5,2
407,5 32,5,0
408,many chemicals and pestizides cause breast cancer in women and lower testosteron in men,2,0
409,ngl u should definitely come to greece again it was hella fun the first time,5,0
410,my boi you speak half truths and call yourself a prophet you make good points sometimes nd others for entertainment i get ur methods are successful so you think you can t be checked every dog has his day i don t think ur a terrible person i can only speak on what i ve seen this isn t hate you can learn from anyone at any time even from someone you dont like or agree with no one has all the answers peace and prosperity to u sneako,1,2
411,this is what growing up on youtube does to our younger generations,5,0
412,it s funny bc sneako tate and the manosphere is just like feminism for men so i guess meninism y all are cringe af,3,1
413,better than being a male feminist tbh,5,0
414,right and theyre a lot worse and spread a lot more hate around,1,0
415,you were supposed to carry tates light not become what everyone expects of you why are you so mean lately criticizing others constantly like the first 1 minute of this video is insane like are you on something why do you hate their behavior sooo much lmao,1,2
416,i just want to know that are people really this dumb and are these people only in america or are they everywhere in the world,1,1
417,lol the fact that sneako of all people has the audacity to call other men feminine when he brings so much bitch energy to any conversation he joins had me rolling and don t you drink from reusable bottles sneako they leak estrogen like crazy i guess that may explain the bitch energy lol if you have to shout and interrupt people to make a barely half assed point at best it reveals your weakness and insecurity not to mention your obscene ego that you have to scream at people to satisfy your ego and cover up your insecurities it reminds me of toy breed dogs in a dog pack they can t do jack shit besides riling up the rest of the pack btw sneako there s no evidence whatsoever that microwaves affect food you need to stop believing all the old wives tales you hear from old ladies at the nursing home oh and get a nutrition and or kinesiology degree before you start trying to coach people on their diets becaause you really don t seem to know what you re talking about,1,2
418,bruh he s living rent free in your head lol you wrote a damn essay kinda seems like your projecting your own insecurities on to him you used the word insecure a lot lol take a break from the internet bud thanks for making me laugh tho,1,2
419,the guy is back,1,0
420,_____,3,0
421,bro i learn more from this dude then from school,5,0
422,please spend less time on the internet,1,0
423,then go back to school lord knows he should too,3,0
424,true cuddle with gay homies in highschool cause of programming shits whack,1,0
425,showate showate showate subscribers alewo hiji,1,0
426,yea now lali ykeyd alechu,1,0
427,ok and 9 minutes later and curent livestream its 8 18 september 7 and whos where did i scroll to ohhh and didnt i just day now its 9 11 minutes ok bye,3,0
428,7 24 ohk s9z how i just scroll till there and rn the starbucks thing,5,0
429,yea things are changing with me but you saw now byee,3,2
430,talk about the great reset,5,0
431,actually cow milk cause increase in estrogen man booobs i never consumed soy product and have gyno these female cow are producing way more milk than they naturally do they are injected with all kinds of estrogen and that estrogen are dissolved in the milk that you drink don t consume milk you don t need to,1,1
432,is that you in pfp,3,2
433,so much misinformation about soy here there is a huge difference between the estrogen found in food vs the hormone,1,0
434,explain the difference site your sources,4,0
435,i think you confused high energy with crazy hyper ask your boy tate about this unharnessed hyper energy will lose against true high power energy it s like amps one is a far higher draw than the other or octane most people don t realize octane is the measured ability of a slower burn making for a more powerful stroke with that being said you sir are not high octane you just a little square 9v battery with a bit of a zap not powerful high amperage yet you will be though and i truly hope i live long enough to see it be wise be safe and all the other good stuff,4,2
436,0 32 someone make this a beat,1,0
437,this might be one of my favorite recent videos by you sneako i never knew how bad soy was for you im still young 18 but imma definitely cut down on that shit,1,2
438,don t listen to him try and stay away from that stuff as much as possible,1,1
439,lol its not bad you can restabalize your t levels with workouts and eating the right foods afterwards the problem is over consumption thats why theyre sneaking into all our foods that dont even need soy i remember buying little ceasars the other day and i saw soy in their ingredients which pizza does not need,3,1
440,hey sneako love your content truly from heart i have respect for you my beautiful ahh brother nothing would make us happier if you becoming a muslim not like becoming muslims will stop you from stuff you want to say nothing will change but except the fact that you ll be on the right path and you ll be at peace i love you and for the only sole reason that i really want to see you in jannah i wish you become a muslim sooner or later i love you bro mayallah guide you my beautiful handsome badd afffff brother,5,2
441,unfortunately i don t think he would do that since he was verbally mocking muslim people praying etc,2,0
442,sneako is really racist,1,0
443,you are a joke,1,2
444,you re a woman,5,2
445,so when can we expect the spar with ksi,3,0
446,i am surprised there was a dude out there who actually celebrated not being able to please his wife i figure that would be seen as anti feminist at the very least,2,1
447,sneako thankyou for changing my life i stopped fapping i swim alot i m getting abs girls like me i have a lot more confidence thankyou for helping me,5,0
448,i didnt know this after watching this educational video i ran to the kitchen and threw 2 full packs of soymilk through the sink fck being a soyboy low t,1,0
449,9 02 nooooo noooo this is the ultimate soyboy,5,0
450,i use to respect you but after the beef you re trying to pull with the sidemen im just lost for words,3,2
451,unsubscribe and leave bro,1,0
452,sneako discernment is good keep shining brotha i will do the same soon,4,0
453,i can t watch the rest of this i got half way through and all these soft dudes talking is like listening to a feminist talk about mansplaining keep up the work,1,1
454,bra said watch these blue pill soy boys go in the comments and rt a easy n this bro come here n type this,5,0
455,5 31 who,5,0
456,good to have you back,4,2
457,guys soy doesn t affect estrogen levels please stop watching 1 video and think it s the truth because all of these studies sourced based on soy are animal studies one is an animal study from the 40s based on sheep sheep have multiple stomachs side note decreasing testosterone is still a problem,1,0
458,nigga i fucking love the iranian government,1,0
459,omg it s the iranian government what a good source to trust,5,0
460,testosterone and hormones levels vary a lot based on the person if you think you have low t ask a doctor that specializes in endocrinology not some dork on youtube saying you need to chase this number of hormones,3,2
461,government using these baby food companies to make men weaker from birth because theres no way with all these studies and all this proof soy based baby formulas r still being made,1,0
462,boys start taking pregnenolone it helps produce t and regulate hormones,5,0
463,in 2010 the journal fertility and sterility published an analysis of over 30 related studies involving over 900 men the researchers concluded that neither soy foods nor isoflavone supplements alter measures of bioavailable testosterone concentrations in men building on this study s findings another analysis was published by the journal reproductive toxicology in 2021 for this paper researchers examined 41 studies published from 2010 to april 2020 over 1 700 men participated in these studies the authors did not find any link between soy consumption and testosterone levels sneako believes anything a right wing person tells him have some critical thought,1,1
464,wether this is true or not i m still not eating soy and neither should anyone else,1,0
465,i beg that people who praise this video take out anytime to do their own research there is some evidence that extreme amounts of soy could lower testosterone but the overwhelming evidence is that consuming soy products has no effect,1,1
466,soyboy is just a phrase with barely any connotation to eating soy products now do people need to take everything literally now i came to this comminity from hamza s had a bad imprsssion of tate and sneako but i think higher of them now,1,1
467,w sneako for uploading,4,0
468,brandon buckingham sneako,4,0
469,they literally be putting soy meat in our school lunch and 8 have been eating large quantities of that shit for a while,1,1
470,soy doesn t affect testosterone levels,1,0
471,we missed you,1,2
472,5 32 niqqa,5,0
473,aha bro clingign on that 25 not that deep tho,3,0
474,shneako can i come do an in person interview with you i was just in ny last week but i ll go back next week if you re about it we can live stream it i have some entertaining questions and topics for you,3,2
475,far more estrogen in beer and milk than in soy that s why in the 80s it was all about double cheeseburgers with your beer like a real man hence the decline of testosterone since the 80s soy wasn t a thing back then,2,1
476,gg w water meats and vegetables,4,0
477,5 32 i think he said the n word,1,0
478,he mixed not deep,3,0
479,i fuckin love this guy,5,0
480,ignore all those beta males bro they re feeding on views from you,1,2
481,fuck the matrix,1,0
482,do you do cocaine lol,1,2
483,correlation is not causation though there are plenty of asian cultures that have masculine men but they have soy in their diet yeah they don t overdo it like some of these milk toast liberals soy milk more like yuck milk but soy still exists in their diets,3,1
484,asians are not muscular,2,0
485,that s because all of their soy is fermented soy sauce is fermented soy which doesn t have nearly the same effect,2,0
486,love your content inspired me to get off my ass and im a couple years older than you,5,2
487,they take your kindness for weakness still coming comin out strong,5,0
488,what headset do u use,5,0
489,let s report this clown,1,0
490,bruh can t believe they tryna off u youtube is complete shit filled w censorship stay up bro,1,0
491,he s back babay,1,0
492,buff sneako is not real buff sneako 10 42,1,0
493,w shneako but does he get a nigga pass no dis,3,0
494,i m sorry but people who judge libs and right wingers are part of the matrix still,2,1
495,like why he is acting like he is the deepest thinker of his time like chill bro u aint shit u are just as superfial as you beard hair like read some books man listen to some real people talk the fu ck are you reacting to,5,2
496,when u going live sheako,5,0
497,shneako is the illegal wannabe son of andrew tate,1,0
498,it s not just soy products but most processed foods however some processed foods like processed meat are still a far more better option than soy products,3,0
499,i ve been eating bananas,3,0
500,when you coming over to rumble man,5,2
501,i think the b s i eat has affected my t levels i don t have energy i did when i was 18 19 i m 29 now i should be far from low energy,2,0
502,as someone who started watching your videos in 2016 i think this is the last one i m ever going to click on please take a break from the platform and realize how inflated your ego is to comment on every single aspect of different peoples life like your some god who knows better then everyone else when in reality your just a stupid 20 year old kid like the rest of us humble yourself before you try to inspire others or else you ll spread the wrong message and stop saying you are spreading the truth when all your doing is insulting other people for profit it really isn t that deep,1,1
503,what s wrong w microwaves,1,0
504,dairy kills testosterone soy does not,1,0
505,u fell off,1,0
506,you upload fortnite you already lost your rights,1,2
507,bruh i started college this year i didn t think any of this existed i m wrong i feel like i m the only person that actually has a brain and actually has a pair lmaoooo,1,0
508,missed youuu x,1,0
509,it s because the birth control pills i m the water system and our poor diets,2,1
510,lmao u can t tell this man is mature,5,0
511,standard for someone speaking the truth against the sheep you are against the herd keep being a wolf,3,0
512,yup and making sheep become wolfs before i started watching sneako i was depressed and unmotivated now i m happy and motivated got a job entering community service and college courses earning extra high school credits doing lawn moving as a side hustle working out consistently and quit all addictions had to realize the matrix was programming me to be weak feels good to have finally reclaimed my masculinity,5,1
513,let s go,5,0
514,sneako you re outta control buddy like take a deep breath bro it s not serious,3,2
515,where does he stream,3,0
516,brah i got a soy milk ad to start the video,1,0
517,welcome back,5,0
518,we love you sneako keep on going,5,2
519,sneako you need to chill bro that red pill rage ain t no joke,1,2
520,aba and preach are more alpha than you,2,2
521,yo shneako i m a ui designer let s get in touch about a uncensored platform that doesn t look like 2008 crap,1,0
522,goat is back,1,0
523,paul joseph watson is the biggest muslim hater,1,0
524,yee i agree but the microwave doesn t fuck up you re food you can use it without any negative consequences,3,2
525,when and where is he streaming and is there a discord,2,0
526,why does it scream bumbuka,1,0
527,please post your reaction to paul joseph watson that would be amazing,3,0
528,bruh syrian refugees are not rapie wtf there is always a trash point in the good videos,1,0
529,tread carefully sneak keep ur message but be less abrasive otherwise they gon swipe u love bro,3,0
530,0 41 stupid boring slow dumb i hate it,1,0
531,just drink almond milk it s literally just almost water with microscopic almond pulp and also with whatever is in almonds on a molecular level,1,0
532,what you talking about,5,2
533,welcome back g,5,0
534,the world is ying without yang nowadays feminists soyboys forget about the importance of yang because without yang there is no ying so this movement slowely destroys them at the same time,1,0
535,yo i use soy in my food like tofu and i don t consider myself liberal i actually like sneako s videos but i box and workout i ve been in the best shape of my life because in 2020 i was 189 pounds and very out of shape when i went vegitarian everything changed soy isn t bad or damaging to your testosterone levels you can even search up research about soy in the harvard studies online and many other credible sources that say soy is beneficial to your health,5,1
536,you should consume little bit of soy too many foods already contain soy though and soy contains phytoestrogens plant base estrogen they act like estrogen when in the body they did a study with monkeys that showed that they act aggressive and submissive when given soy working out will help the effects but in general if you want to keep testerone levels high try not to consume lots of or no soy at all,2,1
537,yeah it s funny when they re saying you re a women hater and yet ksi and this simp promote onlyfans pornstars that guy is a biggest hypocrite and a definition of a fking beta male he looks like a beta male you don t see any masculine about this guy i give one headbutt to this simp he will be landing into the hospital ps keep up the great work sneako,1,1
538,ngl sneako when u was talking about watching ya girl get her cheeks clapped in front of you it wasn t a good look,1,2
539,paul boseph watson is feminine tho his face his body and demeanor no hate on him but lmao he isnt exactly a masculine type,3,0
540,yaaaassssss he s back,1,0
541,now it s not just the soy in the foods we eat you have to look at the products you use on you body that can lower testosterone there should be a list online on making your household more testosterone friendly,3,2
542,wb dr squatch soap lmao,3,0
543,just do some exercise and reduce consuming too much process foods the reason testosterone is so low today because alot of men doesn t even do exercise anymore and the jobs today doesn t involve that much physical labor,2,1
544,alcohol destroys testosterone levels too,1,0
545,natural fibres in clothes are better than synthetic cotton silk etc are better than polyester,4,0
546,great business idea you should start a business where you sell testosterone friendly products,5,2
547,hell nah cuz i might have to throw some shit away,1,0
548,glad you re back keep up the good content 33,5,2
549,based woman detected have a great day,5,0
550,anything goes has the gayest voice ever should stop drinking so much tittt milk dairy fairies,1,0
551,i love your vids sneako but do you really think 10 years from now you still gonna be hyper and high enegry you mature and grow with age if growing and becoming more mature is being low enegry then i guess we all become low enegry when we get older,4,2
552,glad we agree then i must ve read it wrong lol,5,0
553,how many hyper 50 yr olds do u know lmao yes getting older means u have low energy,2,0
554,i was wondering where you was at i was like season 2 over already keep doing your thang gang,1,2
555,bruh i m vegan and eat tofu and drink soymilk every day i don t think like any of those guys energy levels and everything is dialed in the main guy in the video looks a lot more feminine than most of the vegans i know i think veganism can be a little easier for those kinds of men to adopt but i don t think they re directly linked there are several other reasons that affect our test i don t think soy is one of those they guy in the video only showed anecdotal evidence correlation does not equal causation any basic psychology class will tell you this,2,1
556,you completely missed the point this video isn t about veganism,1,2
557,my favourite anecdotal response is that clarence kennedy is a soy boy,5,0
558,western man is emasculated all part of the plan,1,0
559,who s plan,5,0
560,lets go sneakooooooo the goatttt,1,0
561,because people join lgbthdtv,5,0
562,gotta put them on 1 5x speed,5,0
563,it s been a long time,5,0
564,this is quite sad tbh,1,0
565,sneako hammering that coca,1,0
566,man the soy was getting to me this week but sneako back yuhhhh,3,0
567,can you do live on rumble,5,2
568,the return of the king,5,1
569,more pjw content please,3,0
570,i dunno you scream pissy insults and agress the same way some bitches do the implication of the soyaboy put down being that real men eat meat is primitive and not supported by fact i dare you to call chris hemsworth a soyaboy the way you mean it to his face he s built like a brick outhouse and could reduce you to a smear on the sole if his shoe he s a vegan,1,2
571,w sneako,5,0
572,lasanabi 2 0,1,0
573,sneako daz trying to get you banned,1,2
574,original vid,5,0
575,hopefully many more high testosterone males will follow suit and call out this soyboys lonely life the return of masculinity let s all start exposing all these feminist males they all sound the same expression sad no excitement boring come on now,1,1
576,blue pill red pill same thing,1,0
577,the soy thing is just a meme the idea was based on some case study of a guy who drank gallons per day meta analysis does not show estrogenic effects from soy at normal consumption levels this is because phyto estrogens plant estrogens do not effect mammalian hormonal systems in the same way that mammalian estrogen does it makes way more sense to be concerned about dairy consumption than soy consumption hence the vegan response to soy boy being dairy fairy,2,1
578,as others have pointed out in the comments asians consume the most soy yet their men aren t more feminine poor diet and inactivity is likely the reason for a decline in testosterone you can think of hormones like a muscle they produce when they are stimulated and fed working out stimulates the muscles and thus stimulate the hormonal system since hormones are utilised for growth and nutrients act as the physical precursor for muscle mass as they do for hormones,3,1
579,r u sure cuz i dont eat soy anymore and am now very based,5,0
580,soy therapy for menapausal women works because phyto estrogens have a protective stabilising effect on the estrogen system it s not actually hrt if it were hrt then trans women wouldn t have to get a prescription they could just eat soy,3,1
581,small dogs always bark the loudest,5,0
582,does youtube randomly click on the ads on the bottom of the video your watching or is it just me lol,1,1
583,eat broccoli pumpkin seeds and coconut men,5,0
584,i rock with you heavy bro keep that energy up and fuck the programming sneako 2024,5,2
585,yeeeaaaaah buddy got the same birthday with ya sneako,1,0
586,maybe men are becoming feminine potentially from watching their significant other bone another man in front of them idk probably not just a hunch,2,0
587,this is psychopath behavior lmaooooo,1,0
588,i missed watching sneako so much it will be shite when u get banned,1,0
589,guess who back back again,1,0
590,this dude seems to care a lot about what others think for someone that escaped the matrix what a fuxking scam this dude in the first 30 seconds spunds like a fucking whiny little birch who blames everything on women oh wait thats literally what hes been doing,1,0
591,yeah the hypocrisy is real with sneako he became what he hated,1,0
592,noah samson used to direct rap music videos,3,0
593,first 5 minutes is a solid cook session,4,0
594,im a vegan and i don t eat soy tbh i m still trying to figure out if eating a vegan diet is bad,1,0
595,it s not good job keep up i could never,1,0
596,soy isn t what you need to worry about just make sure it s organic watch your vitamin d zinc and b12 intake and try to stay as whole foods as possible,2,2
597,it isn t the science backs it,2,0
598,we need your thoughts on finnish prime minister sanna marin s videos of cheating on her husband and child while she was out in the club with other men and mainstream media completely ghosting the video and issue girls on social media even claimed theres nothing wrong with it please please please say something on this you can find the video easily by searching,1,1
599,men are becoming feminine cause all they do is sit in a room and yell into a camera about how bad they have it over women,2,1
600,who told you to watch,5,2
601,hey siri play first day out by tee grizzley,5,0
602,keep telling the truth sneako be careful,5,0
603,be dangerous let them know not to play f games with,1,0
604,this is why i drink almond milk,5,0
605,i only drink breast milk,1,0
606,take a breath bro,5,0
607,everyone who watches the live streams tell sneako to react to odins men channel,5,0
608,make your way to rumble shneako u won t be affected with all your saying and everyone here will follow we aren t viewers we are followers,1,0
609,he already has a rumble as a backup why would you abandon accounts with millions of subs across and go to a platform where you won t be making nearly as much money that s a last resort option,1,2
610,if you can be on youtube you should stay,1,2
611,with all due respect rumble is ass and should be the last resort,5,0
612,lol remember when you took a gay test and panicked for 10 min about being gay and losing your followers,1,2
613,oat milk,4,0
614,shneako come to the middle east dawg,1,0
615,lactating man nipples,1,0
616,atheism liberalism the results of an immoral society lead to this,1,0
617,where does sneako stream cuz i cant find his streams on youtube only parts of it like this video can anyone help,1,0
618,sneako brother i m from kathmandu nepal i maybe from the third world country but i support you and andrew tate,4,0
619,so sad is there not anyone else you can look up too,1,2
620,am also and women falsely accusing paul shah and famous cricket player of rape feminism sucks,1,0
621,that s hilariously sad for you,1,2
622,sneako you need to learn martial arts they will come for you,5,2
623,shneako had his homelander moment at 3 minutes,1,0
624,these people get fake subscribers and comments that are robotically engineered it s a delusion to them because they don t go outside,1,1
625,sneako please try and find more christians with great talking points had a lot of islamic perspective from very educated islamic people please get educated christians,3,0
626,whoever s reading this i pray that whatever you re going through gets better and whatever you re struggling with or worrying about is going to be fine and that everyone has a fantastic day amen,5,2
627,i see you everywhere with the same exact shit,1,2
628,thank you for ur positive comforting words,5,2
629,ur everywhere,5,0
630,bro you have to humble yourself man before the lord man you do come off as angry but there s a way to be right without degrading the other person,3,2
631,too many soy boys in this world,1,0
632,1 time for my dawg shneako 0 time for them soiboys,1,0
633,0 35 he just rapped soo perfect,5,0
634,this dude lying about muslims tho we are no where near soy he s just a jew making us look bad,1,0
635,i missed u,1,0
636,i fuck with u bro keep it up,1,0
637,god i hate people that hate me and think about it so much i m so cool,5,1
638,that dude with the big mustache his face aura pisses me off idk why,1,0
639,he literally has the same moustache as mario which is in your profile picture,1,0
640,not gonna lie i was asking myself this not too long ago i ve seen this occur especially in hollywood harry styles donald glover russell westbrook there is a pattern,3,0
641,nah donald still masculine,3,0
642,can t wait to see the second millie plaque in the background,3,1
643,weed also gotta quit the weed weed produces estrogen hence why women get higher while smoking weed,1,0
644,you have no point red pill this blue pill that maybe watch a movie beside the matrix just maybe,1,0
645,the andrew tate in this one is strong strong indeed,5,0
646,9 23 that s definitely probably a joke,1,0
647,bro the hell why you changed so much you used to be chill back in the day but all i m thinking now is that watching another ishowspeed,1,2
648,you re the fucking man sneako keep it up bro,1,2
649,honestly sneako spreads out so many lies while thinking he s being woke and he doesn t even realise it like everything he says when it comes to food and water is wrong also he s wrong about women in the sense that he falls victim to double standards just like andrew tate does,1,1
650,he literally just told you,1,2
651,what do you think he s wrong about,1,2
652,the soying of huwhite men is an absolute epidemic and leads to the absolute most cringe cucked and sad men that i believe any of us have ever seen,1,1
653,eh you unbanned,1,2
654,can t stop laughing,5,0
655,lol sneako turning into tate,5,0
656,i m so glad his back,5,0
657,why are men becoming feminist simple no father,1,0
658,sneako saying he s better than them is arrogant however these people he s arguing with are worse than scum like they are literally arguing to argue,2,0
659,soy has phytoestrogens are you a plant for it to affect you i m plant based and have been for 4 years i m conservative still having plenty of seggs making plenty of gains and living a happy life there is no evidence right now supporting the opinion that this causes a drop in testosterone it is all about intention with which you live and your mental emotional health if you wanna be a beast and a fucking savage you will do just that of course don t eat junk like mcdonalds and processed shit when men will accept that they are men they are competitive they need to conquest they need to workout and they want to fight we will all be much happier regular therapy won t help it was alternative therapy cold exposure breathing exercises along with reconnecting to nature that got me to be the beast that i am love what you do sneako go get them personally too loud for me to watch all the time but definitely we agree on most things,1,1
660,if it doesn t cause a drop in test how come they all look like you,4,2
661,i mean the samurai were the epitome of masculine essence yet japan consumes the most soy of all countries all asian countries eat soy yet they produce the most driven and accomplished men and women,5,1
662,copy and pasted,1,0
663,honestly sneako spreads out so many lies while thinking he s being woke and he doesn t even realise it like everything he says when it comes to food and water is wrong also he s wrong about women in the sense that he falls victim to double standards just like andrew tate does,1,1
664,it s also phone usage and microplastics that lower testosterone,3,0
665,that would be correct staying on the phone a long time would take away from workout time but the phone it self would not,3,1
666,let s go baby,5,0
667,i told that soy boy with the mustache to come debate live but he made execuse t,1,0
668,it s the absence of religion mainly and the dilution of religion and culture countries can still maintain masculinity and tradition if they are irreligious as long as there is a strong unifying culture like in china china has its own problems on account of state enforced atheism but manliness is not one of them yet in the west people have been taught to hate themselves hate their ancestry reject all forms of tradition and have been pushed to the side by feminists who walk all over weak men those same weak men think obeying feminists will get them rewards either from women or from the state if you think america is bad take a look at western europe particularly northern europe absolutely disgusting level of effeminate men there they have 0 backbone 0 red blood nothing it s a disgrace men need something to fight for or defend if it isn t god then it must be a nation if you have neither it s over when men have nothing to fight for or defend they don t need to be warriors when men can be weak and thrive in a weak society they will stay weak go look at the map chart for europeans who would fight for their homeland there s a severe contrast between west who hates itself and east who is restoring traditional orthodox christianity and slavic culture it s sad,2,1
669,guys eat sweet potatoes for the dicc gains,4,0
670,bro was really talking his shit wneako,1,0
671,sneako the goat w or l in the comments,1,0
672,never in a million years would i thought i d see sneako reacting to paul joseph watson lol,1,0
673,i m so embarrassed that i watch the try guys,1,0
674,brav is testosterone levels at such risk now i wanna know my levels,1,0
675,i stand by alotta things sneako says but do not drink tiddy milk i made that mistake at a friends house not talking about it,1,0
676,please talk about it not judging what happened,1,0
677,does it taste yummy,3,0
678,noah samsen is giga incel status,3,0
679,yo shneako u gotta drop the first day out freestyle,1,0
680,you gotta just not talk about these people,1,2
681,bro get some new content it gets old and boring,2,0
682,found you through nick fuentes good content,4,2
683,because they cant be masculine but they want to be somehow so they turn ridiculous,2,1
684,l taking wifes last name,1,0
685,bro i like and unlike then like again on your videos lately,5,0
686,long live the legend that is shneako,5,0
687,yesss your back,1,0
688,i never consumed soy in my teenage years and my friend as well and we still have gyno,5,0
689,but that s impossible just about every processed food you eat has soy in it no matter what,1,2
690,shneako watching u is like watching myself sometimes ty for being authentic,3,0
691,only a few of us left brother,3,0
692,i was suggested a nickisnotgreen video once before shneako was a thing i watched it for 10 seconds got bored went back and pressed that not interested button,1,0
693,keep doing you bro i disagree with shit you say but your more entertaining then people telling me how to think about others,4,2
694,yeah fuck echo chambers lol i m vegan and eat soy all the time and my t levels are high af it s just the lifestyle that matters more than anything else i disagree with most of what sneako says but like you said he s entertaining af,4,1
695,same bro i disagree with him in a lot of spaces but holy shit do i love how honest he is,4,0
696,i disagree with a couple of his point every now and again but he is still one of the most authentic youtubers rn,4,1
697,link to that college girl pls,4,0
698,just drink almond milk honestly cow milk had estrogen as well,1,0
699,that dude is he is a bit of a soy boy debunks the manosphere etc,1,0
700,did you just call aba and preach soy boys take that back right now,1,2
701,i m subscribed to both they are kinda soy boyish have you heard of the story of aba jumping into the bushes,2,1
702,pjw is a king i really recommend everyone watch him to see the bs in the world happening around us,5,0
703,the only thing he is the king of is the closet,4,1
704,and super anti immigration and a racist he s like the straight slightly politically correct milo yiannopoulos,5,0
705,welcome back the bro that i dont know,5,0
706,i love how he listened to the brooklyn wine mom and moved the sneako light w,5,0
707,what s up with muslim refugees,5,0
708,outside today 2 ft nba youngboy,5,0
709,immature and being lit aren t necessarily contradictory things,2,0
710,i am a vegan and i have made massive progress in the gym more muscle then ever more boners then ever i feel much more masculine and i feel like beating up everybody i hate it s not soy that s turning men into women it s the stuff they believe in i very much agree with sneako on everything but this soy thing is just not correct soy is not making men more feminine it s the stuff they believe that s making them more feminine p s for the vegan haters i m probably more manly than you are rather than working on yourself you are here bitchin on the internet about vegans and how weak they are but just look at you do some research before commenting about veganism and go lift some weights you need it,1,1
711,yeah keep it up and see how long you last compared to someone who eat meat and not soy product,5,2
712,cringe vegan moment,5,0
713,but soy produces estrogen in men soy is not good for men i would really consider you replace your soy with chicken,2,2
714,w for you man keep up doing your thing and great things will come to you,5,2
715,bro why did an ad come up promoting silk milk,1,0
716,i respect what you do you are yourself and dgaf what others gotta say,5,2
717,riding that hard ain t you,1,2
718,being a feminine man allows me to opress women the most,5,1
719,shneako shneako shneako shneako shneako shneako shneako shneako shneako shneako shneako shneako shneako shneako shneako shneako shneako shneako,1,0
720,they can keep banning people who aren t afraid to speak their mind but they only continue to prove our points freedom of speech is dead,3,1
721,i actually don t agree with most of sneako s opinions but i do hate that pos noah he s an amber heard supporter he doesn t wanna admit it cause half his audience are men so he can t openly support her but ro ramdin made a pro ah video and he commented saying he agrees ah who is a confirmed abuser who said nobody will believe you cause you re a man while beating jd and that s who noah supports,1,2
722,this is fucking terrible,1,0
723,we back,1,0
724,when you realize that the more these haters make videos on sneako the more money they get potentially in essence sneako name is paying their bills they better thank the man,1,1
725,all youtubers be making vids about youtubers we could say that about anyone,1,0
726,i ve been drinking soy milk since i was a kid and i m 17 now i think i m fucked,1,0
727,i guess idiocracy is coming true meh,3,0
728,that testosterone video is a bit old science has investigated further and the results are inconclusive see does soy decrease testosterone by biolayne if you are into it other factors have a huge impact on testosterone diet deficiencies sleeping patterns lack of exercise and overweight obesity,2,1
729,what is the british guy s name,1,0
730,paul joseph watson,5,0
731,not a fan of the re uploads,2,0
732,36 yr old wat u say is all true keep speaking truth,5,0
733,1 31 this was the funniest summary of any youtube channel ever and i don t even know the lady he s talking about lol,5,1
734,my brother please then i hope you will interact with surat al rahman by sheikh nasser al qatami 2017,5,0
735,sneako do a part 2 with the3muslims,5,0
736,120 pounds soaking wet lol,5,0
737,don t let them get to you homi we you we love what you do keeping it moving on these blue pill lamers,5,2
738,ai wifebots and synthetic will replace women 2030,5,0
739,redpill is just wrong tho,1,0
740,did you already react to tom macdonald s musics that s would be rich to debate with him,3,2
741,god bless you sneaki,1,2
742,ayeeee hes back,1,0
743,i understand u live in new york however i want to know what u think about lizz truss the new prime minister,3,0
744,aren t you coping with the fact your girl gets fucked by other guys,1,2
745,take accountability most of your content is a reaction streams too,2,0
746,we need the heat,5,0
747,we live in a soy society,5,0
748,beating off to porn lowers your testosterone too,1,0
749,we wanna see the miami home boyyyyy,5,0
750,jesus is the only answer,5,0
751,christ is lord,5,0
752,what would you say if someone didn t believe in jesus,5,2
753,amen seek and you will find,5,2
754,stop using the allahu akbar meme yiu racist skinny little white boy,1,0
755,stop drinking redbull bro,1,0
756,try watching at 1 5 boys it s pure schizophrenia,1,0
757,glad you back sneako,5,2
758,return of the menace,5,0
759,guess who s back back again shneako s back tell a friend,1,0
760,found you through patrick cc s documentary you re unafraid to speak your mind and you re a great entertainer keep spreading the truth bro,5,2
761,patrick s content is awesome,5,0
762,what doc umentary,1,0
763,sneako s haters create his new fans everyday lmao,5,0
764,sneako could take out five of them with a left hook,3,0
765,i m going to the shop anyone want anything,1,0
766,if they ban sneako i ll walk in his stead,1,0
767,bro i love how you just spit facts and all the lib s freak tf out,5,2
768,i didn t know arms could talk im joking lol,2,0
769,let s gooooo,5,0
770,men are becoming women women are turning masculine temperaments are changing and making adolescents more confused by day don t give your kid the media they ll change for the worse,2,1
771,fck sneako hurry up,1,0
772,bruh you got banned why though,1,2
773,cuz he spittin truth,1,0
774,my nigga free,5,0
775,lets gooooo,5,0
