,STEPHISCOLD,sentiment,cluster
0,mother expresses how my father and grandfather had multiple woman and how they were selfish yet these were men they choose to continually pursue it is what it is,5.0,1.0
1,whats the song in intro,4.0,0.0
2,you know i always liked you me i know bend over and arch that back hit bout 3 times and then im out lol,3.0,0.0
3,thank you for the truth neva stop,1.0,1.0
4,nvm i feel stupid for asking what a 304 is now,1.0,0.0
5,the moment you fall for her trap it s a wrap pastor steph,1.0,2.0
6,what s a 304 you a fool steph,5.0,2.0
7,my cousin put me on to stephiscold not gonna lie he s speaking facts you think she s not like that but you ll eventually realize that your just been stupid you lie to yourself everyday you give her power to your life everyday you have to stand on your man hood and have no expectations for the disrespect these type of girls will squeeze your energy your pockets and your time the moment she feels like you have nothing else to offer i promise she will leave and blame you and if your dumb enough to believe it you ll always will be step on and laughed at you have to accept it and move on you took an l oh well lesson learn not the end bro work on yourself,5.0,1.0
8,i ve accepted this and i m enjoying the new me,5.0,0.0
9,it hurts to know the reason you got hurt is because you re forwards,3.0,1.0
10,never ever believe anything a woman says the exact opposite of what they say is what they want,1.0,1.0
11,it pisses me off that women choose the men who are assholes toward them who ll abuse them and shit like that instead of dating a nice guy i ll never understand why some women are like that this generation of dating sucks since when did it become a bad thing to be too nice to a woman if she wants me to change ha good riddance another thing that pisses me off is the term simp who came up with that lame word anyway i bet some immature little boy,1.0,1.0
12,i wish u did videos for women cuz u for sure speak straight facts i laughed a few times watching this bc a lot of it is just true esp the part when u said after a break up the girl goes to the guy shes always lusted over cuzzzzz yea i like watching these videos to see how yall b thinking i just like learning about human psychology in general and the way the mind works you should think about doing a channel for women too we need you too,3.0,1.0
13,love you dude not in a gay way though,5.0,1.0
14,u gotta take the opposite of what they say it s the opposite game with them they can t say out loud what they really feel bc it makes them look cheap and easy,2.0,1.0
15,man g knowing how to maneuver w the game to make sure you win at all times is the best advice i could ve ever got,5.0,1.0
16,mannn you been helping me,5.0,0.0
17,this only 23,1.0,0.0
18,we need your knowledge and the reminders of what we know deep down already bro never stop,5.0,2.0
19,it s simple women think backwards that s why they like it from the back,3.0,1.0
20,because their basically just being used to attract more girls like a porsch or a fancy car,3.0,1.0
21,that may be true but a lot of times aren t women basically k wasting their life by being with toxic males,2.0,1.0
22,all u hear a lot is toxic imma grown ass man tf i look like playing emotional games i got better stuff to do,1.0,1.0
23,you ll never win then g,1.0,1.0
24,this video unlocked my brain,1.0,0.0
25,i m the guest star in the soap opera where your girl cheat on you,4.0,1.0
26,what s the name of the intro track,5.0,1.0
27,lmao you re right bro,5.0,2.0
28,me here watching this video to find red flags and never date a guy like that,1.0,0.0
29,i believe in patterns not words if it walks like a b dresses like a b attitude of a b it is a b,1.0,1.0
30,i got it 7 48,5.0,0.0
31,as of 2021 march 18 women are now admitting to liking toxicity i just i had one tell me straight up,1.0,0.0
32,they arent good ppl and they have to hide it then no,1.0,1.0
33,steph the mannn,4.0,2.0
34,no point of dating of getting in a relationship,1.0,1.0
35,what she complains about is what she love copy dat,5.0,0.0
36,cold truth from steph,1.0,2.0
37,dad girl s want alot of things and it s disgusting son love dad the fuck no shows son a picture of what female s want son,1.0,1.0
38,is true yuh cold fi real bumboclaat star,5.0,2.0
39,ive literally lost faith in females at this point,1.0,0.0
40,can anyone let me know what was the song in the start of the video,1.0,1.0
41,bro this one girl told me i know you got hoes she said as long as she is the favorite its fine,5.0,0.0
42,i m naturally toxic and i been having a chick in my rotation for 2 years she just keep coming back after i dog her out,1.0,0.0
43,i used logic on this woman and she got all up in her feelings and called me bad,1.0,0.0
44,___,3.0,0.0
45,who hurt you,1.0,1.0
46,so don t give a shit or control her i m confused,1.0,0.0
47,not giving a shit is controlling her,3.0,0.0
48,it seems like the more i treat my ex bad the more she come back i never understand that,3.0,0.0
49,shawty loves toxic men so they have something to post of social media thats why i scare off some women becuz im laid back drama free and focusing on my business that help me weed out the bad ones,4.0,1.0
50,304s are backwards lol shit i started laughing after i connected a few dots,1.0,0.0
51,i heard that girl told me all she wants is good sex multiple orgasms not acted on it though on mgtow vibes at the moment,3.0,0.0
52,a 304 is a hoe for those who struggling with that lol,4.0,0.0
53,dang man this is so crazily true,5.0,0.0
54,i love the red doorag,5.0,1.0
55,don t know how i stumbled upon this but let me tell anyone watching this and listening to this you will never understand a woman women who like toxic men have been abused by their fathers and look for validation from people who either abuse them or ignore them like their fathers stop feeling pity for urself because you can t get the 10 you want and stop obsessing over these kinds of videos first of all be clean kind and have a good personality you can get a clean kind and good woman then trust me when i say this ur not an alpha male if you even have the word alpha male in ur vocabulary,1.0,1.0
56,brah you only 22 thought you was bout 26,1.0,0.0
57,she a simp for me but i ain t simp for her bih loves me bruh,3.0,0.0
58,thats how it should be bro,3.0,2.0
59,it be like that,5.0,1.0
60,everything that you said in this video describes my last relationship smh i was such a bitch and it makes me so mad,1.0,0.0
61,when i was about your age steph i had a coworker say she just wanted me for a digging stick idk if that will ever happen again lol,1.0,0.0
62,to all the guys watching have fun with women but be careful on which one y all choose too start a family with,3.0,1.0
63,wellllllll i had a woman tell me she wanted to have fun and get fuck then talking about omg i can t believe i said that i took full advantage of it,1.0,0.0
64,check out the story of sampson from the bible,4.0,1.0
65,ey steph they always been that way from the beginning good stuff man,5.0,2.0
66,to the thing that they dew,5.0,1.0
67,this is amazing life saving content i m 40 found the red pill at 38 wish i had this advice when i was 16 but at least i can share this with my son also got your patreon,5.0,0.0
68,yo steph next time you go live bro ima call in got some good questions bro,3.0,2.0
69,it s funny getting them on camera that s not me it s my twin lol if i get cheated on and i stay that s danger bitch,3.0,0.0
70,good passion bro,4.0,2.0
71,i wanted to dislike your video because i said oh he s saying that so harshly but i can t dislike it because you are correct the man that i love with my whole heart is the man that my friends couldn t understand why i was talking to him they said he was ugly he was nerdy he was built nice but his legs are a little skinny etc etc but none of that mattered to me because i saw the king in him i saw that he was a good man not a toxic dude but a true honest good man just in the way he approached was different i loved our conversations our dates and just him in general and i m not content with him i m happy and i spend every moment trying to reciprocate that back to him but my friends are still doing the same and mad about it but they refuse to change so for the ramble but i just wanted to say you are right and i m sharing your video with them because they need to hear it,3.0,1.0
72,so your not happy with ur nice man,3.0,0.0
73,damn stephanie you cold as hell,5.0,2.0
74,i just typed 304 in my calculator and turned it upside down,1.0,0.0
75,i remember when i was younger i believed in monogamy i had this one girl she turned me out she made me drop all the girls i was talking to took me out of my flow state shit harmed me 5 6 years fk,1.0,0.0
76,for 22 years you seem very mature,2.0,0.0
77,i feel like woman are like mini versions of lilith we definitely gta stay aware and be on point,5.0,1.0
78,adams first wife people not hip that be drop that knowledge man,1.0,0.0
79,my ngga u look 29,5.0,0.0
80,real shit,1.0,0.0
81,steph when you say a chick is strap what do you mean,2.0,2.0
82,this literally happened to me last week with an old friend from high school she hit me with the i liked you for so long like bitch no tf u didn t,1.0,0.0
83,bruh i had a very attractive girl in my customer service class say if i can t control you i don t want you at the time it didn t really ring any bells but now that shit makes a lot of sense,1.0,1.0
84,all of a sudden i felt that part a lil too much,2.0,0.0
85,teach me sensei i fuck with this,5.0,0.0
86,i knew i wasn t trippin,2.0,0.0
87,what is a 304 man i m from germany,1.0,0.0
88,turn it upside down on the calculator,1.0,0.0
89,first time i ever heard the term 304,1.0,0.0
90,steph goat,4.0,2.0
91,respect steph,5.0,2.0
92,he just speaks the truth,5.0,0.0
93,for all the idiots 4 h 0 o 3 e 304 means hoe,5.0,0.0
94,da truth has been spoken,5.0,0.0
95,never trust a 304 xd,1.0,0.0
96,the mf og,5.0,0.0
97,so that they can make false accusations when it suits them this doesnt only go for toxic men though for them soft ass betas aswell you re a conveniance,3.0,1.0
98,thanks for the wisdom my g,5.0,0.0
99,truth keep going steph,1.0,2.0
100,damn this video hit the mark about a 3 weeks ago i finally smashed this girl i met 3 years ago who then went cold on me 2 months later my nice dumbass chased after her with nothing in return so i went dry on her after that everything you said is true af,1.0,0.0
101,i ve seen heard plenty of females say they don t smash on the first night so they don t seem like a hoe,3.0,1.0
102,my girl and i had our biggest fight ever followed by me fuckin the absolute life out of her she knows women want me it has a hell of an effect on the psyche,5.0,0.0
103,man just been subscribed for 3 days every vid i have watched ive learned something new thank you for exposing me for the blue pill man ive always been and doing what your doing to help turn blue man into the man they are purposed to be,5.0,1.0
104,flips 304 upside down mind blown,1.0,0.0
105,what woman say they want is oxymorons,1.0,1.0
106,she look at you like you crazy damn that hit a nurve bro,1.0,1.0
107,where you from,5.0,2.0
108,when i had a girl the amount of attention i got from other women was astronomical verses me being single,2.0,0.0
109,that beat in the intro is cold bro,2.0,2.0
110,steph i ve gone cold and never been more free thank you bro you re faithful,5.0,2.0
111,could not be more true,3.0,0.0
112,music at the intro is my track 9 9 9 on soundcloud btw if anyone else wanted to know,5.0,0.0
113,it feels like he sat me down while im eating and telling me how these females b,2.0,0.0
114,women are beautiful but takes time in energy to keep her happy but even then she still be looking for something else because she don t know what she wants for guys we have to stay on a purpose don t let these women use you or play you because there more manipulative then guys women are super complicated there not logical like my boy said they go based on feelings not logic i ve sleeped with plenty of wifes and girls in relationships in let me tell you they don t give a fuck about there dude s and half of them act like they like you to get what they can from out of you as in even a baby child support it s sad but it s true but hey always be there for the lady s but whatever you don t try to save them because they don t want to be saved hope that helps,2.0,1.0
115,ams clone he just rebranding the same content no hate tho,5.0,0.0
116,this is true i been toxic very toxic with my girl she always comes back almost as if she likes this shit the bedroom is a major factor for women i feel i give her the fuck of her life every single time rough,1.0,0.0
117,steph please do a video about will smith allowing his wife to get dug out by august alsina it s in the news right now g smfh,1.0,1.0
118,they all talk they love to complain negative attentions is better than no attention they all got daddy issues,5.0,1.0
119,because they all have an ego they want what they can t have they want social status and high money this man is right they say lies,1.0,1.0
120,steph what if you have a girl should you still have girls in your rotation,3.0,2.0
121,these 304s ain t loyal,1.0,0.0
122,aye ima start using 304,3.0,0.0
123,i read somewhere that hell is filled with more women than men i wondr why that may be hmm,1.0,1.0
124,you look like you re trying to look pretty in your thumbnail,3.0,1.0
125,steph you spoke so many facts in this video,5.0,2.0
126,who watch stephiscold and mjgetright,5.0,0.0
127,im toxic asf in a good way though,2.0,0.0
128,5 52 lmaoooo,5.0,0.0
129,speak on the jada and will situation well that s if you know about it,4.0,1.0
130,the term 304 is dumb asl easier to just say hoe why was this term created,1.0,0.0
131,fellas y all think this is something shit my g hit the patreon steph always keeps it real attracts real,1.0,2.0
132,men speak overtly and women speak covertly that s why us guys always think woman are confusing but they aren t confusing they just speak in a different language men will say it straight up how it is and women will speak in actions she hot and cold with you just means another dude entertaining her if a girl really want you she won t risk losing you if she ehh about you she ll show that if she wants to hang she will if she wants to f ck she will if she makes you wait 5 dates in for it than it ain t worth it move on,2.0,1.0
133,it s hard af to find love,3.0,1.0
134,please make a video on the topic of kids and if you see yourself having kids and how you d manage that situation,3.0,1.0
135,wish i found this channel a month ago but it s never late to learn and get better in future,3.0,0.0
136,yo steph what s your email i have a question about the program,1.0,2.0
137,they are compulsive liars you have to see them for what they are and not what you want them to be,1.0,1.0
138,they boring anyway stay on path family,1.0,1.0
139,he don t even have waves let that sink in yall,1.0,0.0
140,woman hate toxic bate male is toxic man,1.0,0.0
141,she doesn t need your love she needs your energy,5.0,0.0
142,i know a girl who actually admitted this fact to me so i don t even want to hear a bitch deny it,1.0,0.0
143,she is addicted to the chaos drama birds of a feather flock together,4.0,0.0
144,bro for the longest time watching this man i thought 304 meant 304 error found still makes sense,1.0,0.0
145,anthem stupid again tory lanez women don t want a good listener they want the baddest demon in town,1.0,1.0
146,you gotta do a video on dr dre s wife filing for divorce,1.0,0.0
147,actions speak louder than words fs,1.0,0.0
148,appreciate the game g just got out a five year fairly recently and the alpha is back it took some time but i swear i turned from purple pill to red pill the second she ended it now i got a couple baddies in rotation and need some advice more like a couple questions 1 should i be open about talking to other women one wants to be single which is coo wit me we all in the game and the other just broke up with bf but i m assuming just saying i m single is enough do you think there s a smooth way to tell em you re talking to someone else 2 how often should i text them communicate with them they re both different cases haha the single one is way older and the other is a cool friend,3.0,1.0
149,nbs bro all these girls be talkin bout good guy but be gettin bussed down by a dumper,1.0,2.0
150,bro i met a girl exactly like this sigh sometimes better to be single than married it seems,3.0,0.0
151,steph is only speaking the truth,1.0,2.0
152,steph always come with straight facts,5.0,2.0
153,knowledge is power fellas lets sit down and inform ourselves with the mind of steph,5.0,2.0
154,this video hitting,1.0,0.0
155,the provider game is completely backward if you re alpha they chase and spend money on the men they deeply lust after,1.0,1.0
156,a women actually likes when you care less about her than she cares about you this comes down to putting your value at the highest level let them put you on a pedestal,2.0,1.0
157,guys i got a question so like can we hollar at females or no we have to let them come to us,3.0,1.0
158,we all are electric magnetic beings male s are like electric n females are like magnet we push they pull,1.0,1.0
159,i guess she s attracted to toxic men s because they probably don t know how to secure their energy n they give it out freely other than men s who on semen retention correct me fam peace bro great knowledge n info,3.0,1.0
160,i be one of these toxic men lol and they always come back even years later lol i m in bed with a chick from 5 years ago rn and i ain t hit her up lol,1.0,0.0
161,much respect bro actions speak louder than words,5.0,2.0
162,work on yourself my niggas oh and my fellas,5.0,0.0
163,growing up with a single mother is hard now i got ams and steph i see the world differently it s like being 50 years old and just learning how to read a book,3.0,1.0
164,fax women loves toxic just as much as they love drama,5.0,1.0
165,took me a while to learn this shit cause i grew up with a lot of sisters and female friends so you know how that goes now i m starting to realize late but better late than never,2.0,1.0
166,same but once you go it your life changes 360,3.0,1.0
167,same man i just read the rational male opened my mf eyes man lowkey got me down about finding out the things enforced by sisters women in my life were bs,1.0,0.0
168,if you are young and alpha you have the first part of life figured out you are probably wondering if the wifey material women with the gawk gawk combo attachment exist the answer is yes but its very rare that one awkward shy girl in the corner of your classroom or the fat girl who applied herself years later is that women in the long run the beta male either ends up with no one or the highschool baddie if he has money don t worry these thots will have been run through 100x over gain weight and end up draining their beta male providers of their non sexual energy money and cheat on them,2.0,1.0
169,one sure why to get them is to act like don t even exist especially if you got looks girls can t stand being ignored it drives them crazy,1.0,1.0
170,bro i experienced it 1st hand they can not be honest neeeeverrrr,2.0,1.0
171,theres this girl i follow her feed is nothing but those relationship goaly word porn memes,1.0,0.0
172,is it ok to get my girls password to her social media,3.0,0.0
173,if she ok with it but honestly i would t do that unless u feel something is off,3.0,0.0
174,question when u say you shouldn t believe what these women say does that go for the freaky talk that they give you via text or on the phone too a chick views me alpha and is sexually attracted to me from what i can tell we plannin to link in july,1.0,1.0
175,blue pill bob uhm stephon what s a 304 stephiscold put it on your calculator and turn it upside down,1.0,0.0
176,you speaking hella facts you be killing me,1.0,0.0
177,at work watching this like a fiend,5.0,0.0
178,just be you you dont have to play games and if shes real like 100 she s not going to play the games its simple its either a person likes you for you or they don t and another thing stop chasing and replacing and be wise because if you knew that the future wasn t promised you ll think different men don t have a biological clock but you need to be careful waiting time because it s something you can t get back,1.0,1.0
179,steph is cold period nothing but facts,3.0,2.0
180,remember fellas never listen to the fish listen to the fisherman,1.0,1.0
181,you like hajime no ippo too,5.0,1.0
182,we re the fisherman finding the right fish in the sea unfortunately there s no right fish it s just you get a fish eat it get another one unless the loyal rare fishes,2.0,1.0
183,she post that she want a different type of dude to try to get the dude thats really digging her out in his feelings meanwhile homie still digging her out,2.0,0.0
184,i literally will waste a chick time because i know they lie and are low key toxic and that s in the beginning,1.0,1.0
185,honestly big bro i thought you were older closer to 30s range probably the beard and the way you conduct yourself but i just turned 20 maybe its my ethnicity but now that i think of it not cause i feel beta or some ive been peeping vids for a while you re right in most cases to me my self i feel baby faced im not sure if you covered that but aside from working out and conducting yourself alpha is there any way to counter that or is that just some id need to work around i already got a clean whip and i got a lil cheese but i dont be flashy with it cause loudest niqqa in the room not the toughest id say i look halfway decent fucked enough to kno i wanna play them hoes that aint give me the time a day,3.0,1.0
186,i have a question please women always say to other women don t act too available act like you re always out and busy but i m a super homebody wayyy before the quarantine i m work than home and i m always home on the weekends is that a bad look should i act like i go out to a man thank you,1.0,1.0
187,i know a girl that s a homebody and 50 niggas know where she live,5.0,0.0
188,sarabi motley i really am i homebody a lot of women are homebodys i hate clubs always have but thanks for the reply,5.0,1.0
189,no just tell him you re a homebody i m pretty sure he ll actually value you more are you really a homebody nobody knows on this channel he really exposes female nature and characteristics so you might wanna go on asha c page,5.0,1.0
190,love you g,5.0,1.0
191,your poster is cold,1.0,2.0
192,i m playing obv when i say this where the girls that wamted to compare hand sizes luv the vid steph,3.0,2.0
193,this guy cracking more codes than jumanji,1.0,0.0
194,trust the actions not there words fellas,1.0,0.0
195,bro you were really in your bag on this one another one of your coldest videos gospel,1.0,1.0
196,man i m so blessed that your content popped up on my recommended feed i needed to hear shit like this,5.0,0.0
197,females say they want many things but when it comes to nice guys the majority of females aren t really attracted to them even tho they say that s what they want my ex went back with her ex because i was emotional clingy but that s basically the nice guys way of treating a female and reacting to her bad input all this girl ever wanted in reality was some toxic guy because her ex was like that and she also only wanted sex and attention from guys she never wanted me for being nice she only saw me as a ego booster and validator and sex toy she liked the way i treated her like that so when she went back with her ex she wanted to be friends cuz she still expected the same tampon use of me towards her she knew she had me emotionally trapped so her only way of making herself feel better of leaving me for another dude was keeping me close cus then that makes her think she did nothing wrong and she only felt bad about what she did but never regretted it she posts videos on her story of nice relationships and cute shit like that but what she wants is completely different she gives herself lies to believe in also so other dudes think that s what she wants and she gets to get hit up by other guys in her rotation she literally told me guys are only tools for her like sprinkles on a sunday,2.0,1.0
198,i lowkey hate females from my generation,1.0,0.0
199,know the ledge,5.0,0.0
200,steph bro you re goated g,3.0,2.0
201,i ve seen it happen to me at work one girl that didn t want me back then saw this other girl that was flirting with me and all of a sudden she wanted to get to know me lol,1.0,0.0
202,women love that because your attention has diverted to the girl who was flirting with you,5.0,1.0
203,a girl argues with me all the time even when i know i m in the wrong yet she always comes back to me and says sorry daddy lol,5.0,0.0
204,that s cause she s cheating on you lol,1.0,0.0
205,basically they want to try and change them knowing it wont happen but stay anyway while ignoring someone on there shit handling business,2.0,1.0
206,uhh def not simpatico lol,1.0,0.0
207,its truly sad smh these women wonder why their lives are so miserable and no one in a position of power takes them serious,1.0,1.0
208,if you re tired of the dysfunctional women that you re related to drop a like here guys this one is for you,5.0,1.0
209,3 58 that s exactly what they do remember this girl i went to school with she would paint a picture like she was a girl but when i hung out with her it was the complete opposite,5.0,1.0
210,i swear i was just scrolling in fb and saw these females say i like a lil toxic but u gone love it here it the bad bitches say this na,5.0,1.0
211,what y all fellas think about when females say they like boys who don t post on social media or don t have that much followers,1.0,1.0
212,miamislugger i only use social media to post my music,1.0,0.0
213,probably true a lot of young guys entertain ig and fb like a girl would do stories posts while a guy not using is probably not giving a flying fuck and focused on his purpose debate opened fellas let s hear it,2.0,1.0
214,check her phone you will see everything you need to know,5.0,1.0
215,they delete apps and reinstall them when you aint around seen it,1.0,1.0
216,factual claims,3.0,0.0
217,you only 22 i thought you was like 26 or 27,2.0,1.0
218,this guy 22 and im 21 and i dont think i ll look like him even by end of this year,5.0,0.0
219,rorisang pitswane it has to,3.0,0.0
220,they love toxic shit that s why they love watching shows like love n hip hop basketball wives,1.0,1.0
221,basically the truth is the opposite of what she tells you,3.0,1.0
222,4 40 4 44 is facts my ex was exactly like that,5.0,0.0
223,this some og stephiscold,3.0,0.0
224,fellas just focus on yourself is that simple,5.0,0.0
225,toxic guys are winning and there s no way around it,1.0,1.0
226,yeah maybe you guys should date eachother,1.0,0.0
227,they love that toxic shit tho,5.0,1.0
228,my guy back at it keep rising fam,1.0,0.0
229,their body language speaks louder than words that are coming out of their mouth,2.0,1.0
230,always remember fellas she s not yours it s just your turn,1.0,0.0
231,going crazy bro i see you man i see you for real,5.0,2.0
232,this hurts bruh i know it s true i m crying dog,1.0,0.0
233,he is speak the truth right now,5.0,2.0
234,clicked faster than a beta at a woman s disposal,1.0,0.0
235,facts bro,5.0,2.0
236,i ll never stop watching ams and stephiscold endless knowledge sometimes you don t retain all the information the first time so you gotta keep watching,5.0,1.0
237,i listened to what woman says like for real and saw them as equal person to me jeez then i took the red pill and woke up i look back and can t believe how stupid and blind i was back then,1.0,1.0
238,dang bro i remember being nervous and said to myself they re just female turns out the word female was a whole story with female nature and sh woke me up for real i m having some second thoughts like red pill rage or something but i m still learning and improving,4.0,1.0
239,a fish will never teach you how to catch fish take what women say with a grain of salt they backwards,1.0,1.0
240,do the opposite of they say,3.0,1.0
241,i ve had a female tell me that before bro she was giving me choosing signals so i approached her and said what s up and she said that she was starring at me because she wanted to snatch my soul went to her crib and got my soul snatched 3 days later,1.0,0.0
242,be solitude,5.0,0.0
243,yo steff i really believe this and nobody else says this tying into what you said about women not counting the other 30 guys and only counting 3 or 4 or whatever women like how people push out forget trauma i swear genuinely forget push it out their minds and really truly think like instead of the actual 80 guys they think its like 15 or something some real weird sociopathic kinda stuff these women be doing maybe something to do with how they act all innocent on the outside know that society family other women etc likes to say insinuate women should act appear to act a certain way so they all jefferey dahmer sociopath style push it out their minds like it never happened and they call us pigs f n whack jobs,1.0,1.0
244,word they lies become thier truths,5.0,1.0
245,keep it cold they always going to be backwards,4.0,1.0
246,in louisiana we call 304s 504s,3.0,0.0
247,in chinatown we call them 604s,5.0,0.0
248,eating my ramen to this,5.0,0.0
249,do yo call them out when they say they ain t have sex in months,1.0,1.0
250,cold g,2.0,2.0
251,itz yo boy steff,5.0,0.0
252,intro song,4.0,0.0
253,like lil durk said don t ever put your all into a bitch cause she gon leave,1.0,0.0
254,it seems like most of the stuff you teach about women go hand and hand with building a business to a certain degree,3.0,1.0
255,what do you use if you are doing a voice over for video,5.0,1.0
256,women dont stop liking toxic men until they run through about 5 of them,1.0,1.0
257,i see women past 45 that stay wanting toxic men they ll never stop wanting them it s in women s nature to always respect drama dudes,5.0,1.0
258,how you haven t blown up and gone mainstream is beyond me hands down the best advice for men i ve ever heard,5.0,0.0
259,aye a broke nigga just got a free ass book thanks steph,1.0,2.0
260,what s your thoughts on dr dre getting divorced,5.0,0.0
261,this why meeting girls in person first i s better cause you get to know who they really are dudes need to stop using social media to meet girls you can t believe half the stuff they post,1.0,1.0
262,1 2 more like 99,1.0,0.0
263,dr dre divorced his wife and she getting 400 milly,1.0,0.0
264,ik y all ass didn t really turn yo phone upside down to look at the 3 or 4,1.0,0.0
265,there are living in la la land man alternate reality,3.0,0.0
266,alternate reality word,3.0,0.0
267,if she s not giving you anything don t stick around for her dry words because the longer you wait the more she sees you for the simp that you are they are such savages they will text you good morning after they just got dug out by a dude who didn t even kissed her goodbye,1.0,1.0
268,but what s wrong with that i would appreciate a good morning here and there lol,3.0,0.0
269,i got this bih in my rotation shes straight up always saying she like me i make her shy she s submissive but she real flakey at times so i hold my ground she a 10 10 colombian i don t get this bih,1.0,0.0
270,she probably testing you to see if your gonna get attached be careful brotha just keep firm,3.0,0.0
271,hahaaaaaa i totally hear ya bruh,1.0,0.0
272,hi steph thank you for your content i really enjoy learning your perspective and teachings i apply it in my life now i even get hype myself when you yell through the internet on getting on our passion and purpose radical self mastery your message is deeper than the surface have a good one,5.0,1.0
273,wat up james harden i mean steph lol,3.0,2.0
274,facts but you re talking about full on hoes every girl has hoe instinct and wants multiple males but after a certain point women do want an alpha male to settle with and at that point cheating isn t an issue for a lot of relationships even on the women s end the difference is that their version of hoe ing out is just leaving you but if you re alpha during the relationship she ll stay cuz everyone wants to settle eventually if you don t you re fuckin weird,3.0,1.0
275,because they are all toxic themselves man they just concealing it when they met you then turn into a exorcists afterwards,1.0,1.0
276,this guy is funny as hell looool,5.0,0.0
277,they fear judgement from men about their promiscuity then brag to their girls how many dug her out,1.0,1.0
278,no women is single if she is somewhat attractive or decent if she tells you she is single don t believe her she has dudes digging her out and dudes she goes out with for free meals and attention,2.0,0.0
279,this is facts some chick i was seeing tried to pull that card on me but it ain t work,1.0,0.0
280,tunning in all the way kampala uganda thanx bro,5.0,2.0
281,i actually met a girl that said she only wanted to have sex with me me and that s all we did for 4 months lol,1.0,0.0
282,that s dope,3.0,0.0
283,i m still jamming to that intro beat,2.0,0.0
284,is there honestly much point getting into a relationship sounds like un needed hassle,1.0,0.0
285,if you not ready it def is bro they have so many expectations it s always good in the beginning,5.0,1.0
286,women love tall handsome men they don t care if you re toxic or not it s not a priority to them face height and race skin tone also the rest barely makes a difference the cope has to stop,2.0,1.0
287,face height muscles,3.0,0.0
288,women will continue to say in public that they want a guy with no 304s but we all know the truth as long as a man has women chasing after him that woman will forever desire him,4.0,1.0
289,beta male voice uhm stephooooooooooooonnnnnnnnn what does 304 mean,1.0,0.0
290,what does it mean,5.0,0.0
291,weird how one girl in my past acted like she really wanted to fw me but i never did because i had this instinct that she s a 304 and just didn t validate her never gave her the time of day nothing,1.0,0.0
292,304 ima use that,3.0,0.0
293,women have no logic damn that s crazy but true i ve seen it,5.0,1.0
294,she never say it but her actions always show it that was ladies and gentlemen from stephlscold bar tho,5.0,0.0
295,steph i had a good laugh when you were explaining to them what a 304 is oh i m dead,1.0,2.0
296,steph a real ass nigga,1.0,2.0
297,there s really people that asked what a 304 is,1.0,0.0
298,i been hearing this lot so l got to check this video out,5.0,0.0
299,it s better to be single and happy than in a relationship and miserable,2.0,1.0
300,amen bro,5.0,2.0
301,facts even rollo said that,1.0,0.0
302,purpose over everything else,5.0,0.0
303,from the mark 3 55 till 4 06 that is key,5.0,0.0
304,steph keep keeping it,4.0,2.0
305,_mother said from a young age dont trust her words watch her actions _,1.0,0.0
306,and vice versa,5.0,0.0
307,she must be a real one,5.0,0.0
308,what should i do she said she doesn t want to be in a relationship for now although we were before and had some issue,3.0,0.0
309,still lookin for that opening track,4.0,0.0
310,i can t even play dumb with women they can sense that i know they lying lol even when i have a poker face and they be calling me out on it,1.0,1.0
311,gold i can t play dumb it s just not in me i call it for what i see it as and it shows in my energy even when i say nothing,5.0,0.0
312,maybe you re tone of voice or avoiding eye contact or somethin,2.0,1.0
313,soak in everything steph is saying cuz i promise u everything he say is true salute bro,5.0,2.0
314,the answer is simple because their toxic as they say like attracts like,3.0,1.0
315,there we go first nug of truth in these comments,5.0,0.0
316,super facts bro i like to listen to their subconscious mind which is what they just blurt out saying out of nowhere you can t always control it,5.0,1.0
317,dont be toxic be indifferent before i started watching this channel i was always the odd kid in school and in college now if everyone was sitting on the left side of the classroom i would sit on the other side just because to stand out girls always looked at me and paid attention even though the guy with charm was over there they would just gravitate towards me and every day one girl would move desks but slowly making her way closer to me because i was set apart and was focused on my work genuinely didnt want to sit where everyone was distracting me from hearing the lesson in class indifference beats charm charisma and any other trait any day if you know the weather forecast for the whole week than you know how to plan accordingly but if you didnt know the weather ahead of time you would always be wondering when its going to rain same with women,1.0,1.0
318,hell yeah homie,5.0,0.0
319,i purposely act indidferent it drives them crazy and draw them to you oh i have they head spinning or thinking about seeing a psychiatrist,1.0,1.0
320,first comment i ve read that describe my situation you see for people like you and me it s about us all the time if people want to come in our world the door is open if not go as you please we simply are living our own life and that is the key to living a serene and peaceful one,5.0,1.0
321,js399 whatever makes you feel alpha do it and you become alpha alpha is about pursuing your own true nature despite the pressures of the many different voices in society consequently these voices have all sorts of ideas about how you should life your life and what you should care or not care about if you sit down at the empty side to stand out because you feel like standing out your alpha if you re sitting on the empty side for any other reason you have now let societies voices guide you instead of your own also the most alpha thing you can do is sit besides someone and say hi how are you and not care what the response may be whether pleasant or disagreeable to yourself or them simply because you want to start a conversation with that person,5.0,1.0
322,l bro only girls sit near me if some guy comes up i alpha him out of the class then all the girls cheer,1.0,1.0
323,as a woman i agree 100,5.0,0.0
324,woooooooah this guy got girls to sit next to him in class omg alpha,5.0,0.0
325,isn t that basically attention seeking doing indifferent stuff just bcz to get attention from women even that indifferent stuff don t give anything to you,1.0,1.0
326,that was a smooth transition remain indifferent to be a mystery,3.0,0.0
327,i relate to this heavyyy so i hear you bro it s an edge that very few have,4.0,1.0
328,be good looking,4.0,0.0
329,indifference mystery,1.0,0.0
330,7 43,3.0,0.0
331,steph give your thoughts on the adam ali situation,4.0,2.0
332,what if being a nice guy beta is the toxic behavior that turns women off and being a man doing your shit not giving them all your time maintaining frame making yourself the priority is the healthy behavior they are looking for,1.0,1.0
333,yes this is true as a women i don t really like men that smother me i love attention but i love it more when i can see a man on his shit and has his own life,5.0,1.0
334,it s a toxic behavior until the nice guy is the only viable option as a replacement step dad to her kids after she becomes single mom after being ran through and hit the wall fucking with all of these fuck boys left to be scraps or leftovers to the nice guy that s the issue,1.0,1.0
335,i think that s exactly what it is though,4.0,1.0
336,skate3450 that s another perspective to look at it i guess make sense to me,3.0,0.0
337,exactly it makes sense to me instincts make sense to me not complicated if you being fake an suck in up to her instincts don t like that so do you and don t give a fuck cuz that what we really want to do,5.0,1.0
338,some guys couldn t handle a woman s truth thats why they lie i like your dad bod what she means you need to lose weight why do you think she puts her husband on a diet,3.0,1.0
339,actually not true bro females are smart and they know by keeping a guy overweight they re limiting his options with other woman it s like a guy who has an average looking gf but with makeup she becomes way more attractive a guy might try prohibit makeup as much as possible to limit her attractiveness options a girl keeping a guy overweight simply knows he s better looking and more desirable by woman when he s in shape,2.0,1.0
340,ngl i ain t know what 304 was either i had to search it up,1.0,0.0
341,they love toxix guys because they re toxic its simple a half decent women isnt going to want to chase another grown man around,3.0,1.0
342,nahhhh lmao i can tell u that kind nice girls love this shit too they all do i ve been that guy for that girl it isss what it isssss,3.0,1.0
343,this here not all women are toxic some won t even give toxicity the time or the day some woman already know what they want but thats the thing only some there s not many,3.0,1.0
344,saw this chick that said she wants a man that gives her the world i did that she broke up w me now im older nd look better guess who wants me now,1.0,0.0
345,that s backwards asf i m super blessed to learn this because this would be confusing if i didn t,4.0,0.0
346,i texted a girl yall women are so backwards and her reply was i know we are it s amazingly sad tbh but that is their life not mine,1.0,1.0
347,well at least she admitted it that s actually shocking because most wont admit to it they would rather live a lie but like you said it s their lives,3.0,1.0
348,my ex lied about hella shit i called her out broke up with her didnt talk to her for 2 days then she blew up my phone apologizing about everything and told me all the shit she was lying about thinking i would take her back lmao,1.0,0.0
349,never get in a relationship just have a rotation and stay out the way,1.0,1.0
350,dropped some more fyeeee,3.0,0.0
351,go to the gym and become toxic remember guys be the one she cheats with not the one she cheats on,1.0,1.0
352,francois nel this satanic doctrine started with the feminist sexual liberation movement the tyrones and chads took advantage of that and now if your 23 you d be surprised if you found a women with under 6 bodies adapt or die,1.0,1.0
353,francois nel they don t understand we as men allowed this to happen because tyrone and chad don t hold this women accountable and dismiss them if they were trying to cheat on their man it made their behavior acceptable tyrone and chad on that me first mentality selfishness is one of the roots of all of this,1.0,1.0
354,truth they all cheat,1.0,1.0
355,naphtali de wit no sir i don t do relationships only female friends with benefits,1.0,0.0
356,preludef20bking other side of the fence,4.0,1.0
357,been there done that it s bull you think like that until you re on the other side of the fence,2.0,1.0
358,this mantality is bad,1.0,0.0
359,mfs can t believe this shit works and if it does it s with 8 s none of y all pulling 9 10s so what are we talking about,1.0,1.0
360,damn this is gonna fuck up the world even more it s all a cycle it s tyrone and chad s fault too,1.0,0.0
361,why do you think these women love future,5.0,1.0
362,not all of us do,2.0,1.0
363,lol facts bro,5.0,2.0
364,ayo someone send dr dre the link to this channel,1.0,0.0
365,7 34 had me dead when he said 304,1.0,0.0
366,steph been thinking about this red pill stuff and it s like damn you right but at the same time i feel like a lot of people are being led into a low spirit the whole idea of pump and dump sleeping with a random girl who is probably an adulteress i don t think it makes sense i think it s best to promote the idea of being with a woman who acc adds some form of value only instead of this pump and dump because some of these young boys like me are out here wanting to sleep with any random girl and eventually this random girl could ruin they life with this pump and dump,2.0,1.0
367,right because people are aware of the game at a young age the cycle will keep going on some of us actually just want a simple genuine relationship and nothing toxic but since others keep doing all this and making ppl feel like this the good will be succumbed by the bad day by day,4.0,1.0
368,so i m assuming you want a ltr in that case you can spin some plates and from there on decide which is the best girl for your commitment promote that plate to ltr drop the other plates common signs of not ltr material bipolar disorder borderline personality disorder narcissistic personality disorder 304 tendencies a lot of male friends etc remember a girl isn t your priority your purpose is far more important note do not catch oneitis oneitis can easily happen with a ltr you re the prize always have an abundance mindset how you handle the ltr is on you utilize the red pill don t and you will be sucked back in the matrix oneitis when a guy has fallen in love with a woman in the same way a boy loves his mother he obsesses about her but she does not reciprocate plate woman with whom you are in a non exclusive sexual relationship with spinning plates is the act of having multiple plates simultaneously ltr long term relationship,2.0,1.0
369,you are a very wise young man and your comment is a breath of fresh air you know the truth,5.0,1.0
370,steph has mentioned that multiple times that the women should add some sort of value to your life especially if you putting your time and especially money into her he also mentions nothing wrong with dating but you need to be aware and don t be a fool,4.0,1.0
371,22 years old and he knows all the facts salute to you bro,5.0,2.0
372,till she buhhhh,1.0,0.0
373,damn this depressing af haha,1.0,0.0
374,i m young asf the world is devastating but ima pave a light path for me,3.0,0.0
375,it is bro but at least we got the knowledge to navigate thru this shit,2.0,2.0
376,aye i feel you bruh but you just learning the truth about female nature consider it a blessing because a lot of men out here won t know this game,3.0,1.0
377,mindset 100,1.0,0.0
378,listening to this knowledge in my baccyard with the cool breeze blowing and the birds chirping after a good workout and protein dinner feels real good fellas good shit steph,5.0,2.0
379,u must ve got a new pack of tank tops cuz that s all u been rockin lately g definitely the wave for the summer,5.0,0.0
380,they sayings are always oxymorons,1.0,1.0
381,i want someone to call me every hour bring me flowers keep it up y all keep doing that bogus ass shit you gonna find yourself mad sad cause bro say this shit over and over and y all don t listen,1.0,0.0
382,patrice o neal would be proud,4.0,0.0
383,signed up for the free ebook can t wait to read it been doing a lot of reading as of late,4.0,1.0
384,these women are smart,5.0,1.0
385,they re not as smart as they come across a woman s emotions always get the best of her,3.0,1.0
386,today steph every bitch is a 304 however we just gotta ask what s is the p e ratio or what is your cut off number,3.0,2.0
387,shoutout to stephiscold for droppin that real cold book you a real one fam,1.0,2.0
388,man stephiscold your right on point with this topic bro can t get logic from someone that s act s on their emotions i take there word for a grain of salt even the one s that say i wouldn t do that to you,1.0,1.0
389,7 38,3.0,0.0
390,this man be saying the opposite to every girl on social media and i love it,5.0,1.0
391,ranen narsey they be lying perception is everything to them,1.0,1.0
392,numbers don t lie women do,1.0,1.0
393,women love when men don t care for them invest in yourself kings,5.0,1.0
394,and in cryptos my g xd,5.0,0.0
395,they re cold lol if the guy isn t cooperative she ll lie to another guy to get to close to the guy she does want lmao it s not about just dick neither guys it s the dick they actually want and desire,2.0,1.0
396,i genuinely appreciate stephiscold,5.0,0.0
397,oh another thing the more she don t lie about her having a husband or something she telling you she want to be your pornstar privately a dark secret she won t even tell herself that s a woman trump card lol,1.0,0.0
398,edible _ horse out there,4.0,0.0
399,edible _ horse and you may that old yesssssss energy is that real everyone has someone out that just does for them and it s indescribable,1.0,0.0
400,edible _ horse a woman can go up to 40 something yrs old and run into a guy who just does it for her her body uncontrollably around him and that s him,4.0,0.0
401,i ve always wondered what a 304 is but i can use mfn context clues so i kinda knew when he said put it in ya calculator and turn it upside down i died,2.0,0.0
402,chicks put it in my pager back then,5.0,0.0
403,hahaha just got it,5.0,0.0
404,i m dead i can imagine dude turning the calculator upside down an bring oohhhhhhhhh,1.0,0.0
405,i thought it had something to do with a phone like how each number got letters lmao,2.0,1.0
406,king staunch search it up,5.0,0.0
407,i laughed when i found out too,2.0,0.0
408,lol i still don t get it yet help a brother out,3.0,0.0
409,there s this one girl on my ig in her stories keep posting memes about wanting a man who only wants her now that i m red pilled i automatically know that a guy digging her guts out and he s an alpha with a rotation of women if i was still blue pilled i would been white knighting for her,1.0,0.0
410,always remember that brotha,5.0,0.0
411,this seems like a dig at this movement love this comment,5.0,0.0
412,fams i don t even dig when i m in the sack i just sit here and act like she needs to put the heat on or i m leaving,1.0,1.0
413,rihanna would always choose chris brown over any guy whenever he ready idk if he knows that or not but coming across the page he would lol the more abrupt the departure is the more she will do anything for you if you let her in again,3.0,1.0
414,she recently broke up with a billionaire as well,3.0,0.0
415,joshua travis also lebron james she got a whole crush on him,5.0,0.0
416,all the orbiters needa see this channel,5.0,0.0
417,i m gonna comment before watching the video i will see it later but then toxic is not pathetic like always worried about what someone is doing blaming discussin so women like that i thought girls liked a man thats cold who is not crying and blaming everytime,2.0,1.0
418,till she bushhhhhh,1.0,0.0
419,there s this girl rn saying that i don t care about her but she still texting me this also applies in high school as well,4.0,0.0
420,keep on not caring about her all we can do is laugh at girls like that,1.0,1.0
421,i heard 304 years ago from amg bitch better have my money now i m hearing it again knowledge,5.0,0.0
422,a chick that kept dming talkin bout pics im like wtf is dis she keep saying im not trying to i said you going to shoot yo your shot r not she said im not interested you re not my type i said ok n kept grinding same chick on ig yesterday saying somebody put me on im not even worried nor suprised,1.0,0.0
423,that you can always expect them to lie to you i meant,5.0,1.0
424,ashley jean lmao nah but this shit true been through a lot of this b4,5.0,0.0
425,maybe u should date a man instead,1.0,0.0
426,dude your thumbnails are fucking with me you do realise men watch your shit right my g,1.0,0.0
427,damn 366 like in 22 minutes dat boi steph is cold,1.0,2.0
428,they love the challenge,5.0,1.0
429,so woman are naturally inclined to lie to get what they want and it s your job as a man to see through that,3.0,1.0
430,luck augustin being on semen retention will allow you to become the man that will help her feel more comfortable for her to open up to you more she ll trust you more,4.0,1.0
431,304 403 yelling hoooooooooooooooe,1.0,0.0
432,gentlemen all those if your toxic hmu memes ain t a joke they disguising the truth in comedy,1.0,1.0
433,all good jokes contain true shit j cole,1.0,0.0
434,not even comedy bruh all them memes and shit sad tbh,1.0,0.0
435,finally someone said it,1.0,0.0
436,ain t this the truth,1.0,0.0
437,this man is a father figure for me so blessed stay cold stay knowledgeable,5.0,0.0
438,always take a woman s claims and stories with a grain of salt they tell the biggest lies the dms loaded like she forgot to take out the trash on garbage day it s consistent the biggest lies are always the most dangerous remember that fam,1.0,1.0
439,the small lies they tell are dangerous,2.0,1.0
440,the bigger the lie the more people will believe in it,3.0,1.0
441,you dropped this king,1.0,0.0
442,solid video something i disagree with is the she cheats with the guy she really wants to be in a relationship with that is not true in many cases they cheat for sexual pleasure out of boredom or just because they know hubby will never find out saying this out of experience,4.0,1.0
443,bro you right one thing about a woman they are never satisfied she can have an alpha digging her out and she ll be like i m tired of being dug out i need me a medium stick lol,1.0,1.0
444,i think what he means by that is if a woman could be in a relationship with a player she would be but they won t be in a relationship with one because a player isn t likely to stick around because they re players therefore women use players for sexual pleasure instead,3.0,1.0
445,stephiscold but you know what s colder tell me when you know,3.0,1.0
446,if women really wanted men that other women don t won t there wouldn t be any incels,1.0,1.0
447,hence why women love soap operas drama shows movies reality tv drama they love drama,5.0,1.0
448,legendary as always appreciate the content fells,5.0,0.0
449,bro changing lives day by day love to see it,5.0,2.0
450,you ain t heard steph is cold,1.0,2.0
451,cover dr dre s wife divorcing him next bro,1.0,2.0
452,she ran up her bag then dipped,1.0,0.0
453,her actions will speak louder than her words,5.0,0.0
454,it always will g action always has power over talk,5.0,0.0
455,true dat,5.0,0.0
456,1 41 why why why can t i be the mvp of the league why can t i be the best player of the league,5.0,1.0
457,dudes in his 20 s and i m 36 younger guys listen trust me he s wiser than me,5.0,0.0
458,mr dawson came from a bad background only realising and been open recently if there are younger men watching this learn from a man that s been scorned,1.0,0.0
459,he has wisdom beyond his years,5.0,0.0
460,my guy with the consistency,5.0,0.0
461,sub to the patreon,4.0,1.0
462,expose them steph you keeping it i be calling them out they know they have good dudes in their friendzone they won t give the time of day to,1.0,1.0
463,any thing women say men are doing are aint doing thats really them remember that fellas peace,1.0,1.0
464,it goes both ways too a lotta these niggas action don t match they words the truth hurts but that shit will boot yo ass to freedom,1.0,1.0
465,steph you are one of the main brothas that helped me accumulate knowledge particularly women i want to say thanks man and if any of you brothas want to subscribe to my channel yall come check me out peace,5.0,1.0
466,legendary content i watch every single vid,5.0,0.0
467,you too damn cold bro,1.0,2.0
468,100 100 steph never miss,5.0,2.0
469,wait steph got an e book,1.0,2.0
470,the intro literally have me tearing up at 37 i can say i don t need the game just supporting a fellow brother i came across the video killthebeta while i was jogging to the gym classic video the message was clear and straight to the point plus it was hilarious the way stephiscold got on his uncle lol but with all that said this brother started way before that video i did my homework and knowing how far he has come all the way to dropping a book i can t help but to be inspired me i just want to work and do my thing but for anyone out there looking to really get it stephiscold is surely showing us you the way to do it i m so inspired i have to truly find my purpose and make things greater for myself and kids peace g,5.0,1.0
471,females say they wanna be with superman but walks past clark kent every day,3.0,1.0
472,leo2001 batman beta 2,5.0,0.0
473,steph be calm tho,5.0,2.0
474,all facts,5.0,2.0
475,these are some hard facts for men indoctrinated into feminism listen to this guys this is red pill rage phase get through it so you can be at peace after,5.0,1.0
476,who else got put on red pill knowledge from steph,1.0,2.0
477,i started with darius m,5.0,0.0
478,right here bro,5.0,2.0
479,toxicity levels is all women want,1.0,1.0
480,patrick morgan,4.0,0.0
481,aaliyah aziz pretty much g,3.0,0.0
482,on deck bro witchuuuuu gonna listen while i run this mile real quick,5.0,2.0
483,the easiest way to attract the female you want is show you are attracted to them then pull back and act like she doesn t exist it will drive her crazy if she s finds you physically attractive,4.0,1.0
484,coming from a women i don t fw that shit fr he might be telling the truth when it comes we don t like friendly guys but other than that i like men that give me attention and but at the same time you want a man that has his own life and be on shit too,3.0,1.0
485,that s feeding her scraps my g,1.0,0.0
486,i swear a guy did that to me and well we didn t even get in a relationship cuz bitch i pulled back too,1.0,0.0
487,done it and i can say it works,4.0,1.0
488,yes it works,5.0,0.0
489,true it s like poker never show all your cards once you show her all your cards it s over she never shows all her cards,1.0,0.0
490,fortuna namputu comedy,5.0,0.0
491,thats gon make her chase you,3.0,0.0
492,women do this shit to me,5.0,1.0
493,naracia ghirga get in the top 10 then that s on you bro,5.0,2.0
494,thedarkknight problem with attractive guys they get second chance but the average looking only got one shot most guys including myself lack game that s why i m watching his videos,2.0,1.0
495,naracia ghirga true but no money either or status,1.0,0.0
496,thanos oh that makes sense exactly why women give the wrong advice on how to get women lol,1.0,1.0
497,i like this,5.0,0.0
498,anime boss everything you just said here couldn t be more far from the truth,5.0,0.0
499,60 percent of time it works all the time joke this works all the fucking time once you figure women out and can read their body language along with correctly interpreting their behaviour you can even predict their next moves before they even know that they are going to make it it is like playing 4d chess,5.0,1.0
500,anime boss this is exactly why i think it doesn t work pulling back works if the girl is acc interested in you,1.0,1.0
501,i m this exact situation man last week i approached a girl at the gym told her i m gonna be straight up with you i think you re cute would you like to hangout sometime she said yeah i gave her my number something i like to do i give the girl my number we ve texted a bit and i ve made it clear that i m attracted to her she hasn t texted back since yesterday evening no big deal i can handle it what i m gonna do now is exactly what you said pull away now that i have pushed and see how it works out go ahead and leave your thoughts guys i m really interested to hear what you have to say,5.0,1.0
502,rich omar says no need to over complicate things then writes a longer message then the original commenter,1.0,0.0
503,they love chaos you have to give her a mental safari of emotions anything outside of that you will be boring to her,5.0,1.0
504,another banger video man keep it up this really helps understand the knowledge of women,5.0,1.0
505,i think cause they fine that shit thrilling,4.0,1.0
506,steph where u been at on the patreon bro i need daily red pill dosage,5.0,2.0
507,i uploaded 2 vids yesterday my bad g,1.0,0.0
508,first in the comment sir toxic boys for life tb4l,5.0,0.0
509,cold fucking game g,1.0,2.0
510,if it wasn t for stephiscold idk where i would be mentally appreciate the knowledge bro,3.0,2.0
511,if it wasn t for steph i would be mentally and emotionally sick,2.0,2.0
512,if it wasn t for god you don t know where would you be my brother god sent him to us to educate the youth god bless my brother,1.0,0.0
513,wang john he would ve been now if it wasn t for stephiscold,3.0,0.0
514,forreal for us niggas without male figures to talk to us this is a life saver,5.0,0.0
515,true but i bet a lot of ppl already kno this lol it s common sense i learned my lessons with females it s funny cuzz the shii he telling y all really true if y all think he lyin trust me,3.0,0.0
516,he clean frfr his is more related to my situations,4.0,0.0
517,patrice o neal thats also where these dudes get their inspiration from,4.0,0.0
518,joelwtf same g,1.0,0.0
519,facts bro the beta mindset would have taken over me by now if i haven t ran into steph,3.0,2.0
520,you can say that again,5.0,1.0
521,we all can say that this man has been a true life saver,5.0,0.0
522,we all had our days g it s only growth after understanding,5.0,0.0
523,steph dropping gems like always,5.0,2.0
524,what s the instrumental steph,5.0,2.0
525,bro life ya i couldnt,1.0,2.0
526,i couldn t find it either the way steph type it,2.0,2.0
527,stephiscold thanks bro,5.0,2.0
528,type in the soundcloud app 9 9 9,5.0,0.0
529,watching from nigeria,5.0,0.0
530,madeby 20 red pill universal remember tht,5.0,0.0
531,watching from rhodesia,4.0,0.0
532,what are naija girls like,1.0,1.0
533,all facts bro mugs needs to wake tf up you preaching fam,1.0,2.0
534,because they cray,3.0,1.0
535,yurdd inspired me to make my first motivational video self improvement,5.0,0.0
536,actions speak louder than words,1.0,0.0
537,you the goat steph,5.0,2.0
538,just finished reading the ebook,2.0,0.0
539,i m ready to take this life long journey things will happen but i m prepared and this red pill knowledge will be applied to,5.0,1.0
540,truth is what what we seek,5.0,2.0
541,peace king,5.0,0.0
542,early gang,3.0,0.0
543,steph is cold,3.0,2.0
544,1st of many views,5.0,0.0
545,,,
546,,,
547,,,
548,,,
549,,,
550,,,
551,,,
552,,,
553,,,
554,,,
555,,,
556,,,
557,,,
558,,,
559,,,
560,,,
561,,,
562,,,
563,,,
564,,,
565,,,
566,,,
567,,,
568,,,
569,,,
570,,,
571,,,
572,,,
573,,,
574,,,
575,,,
576,,,
577,,,
578,,,
579,,,
580,,,
581,,,
582,,,
583,,,
584,,,
585,,,
586,,,
587,,,
588,,,
589,,,
590,,,
591,,,
592,,,
593,,,
594,,,
595,,,
596,,,
597,,,
598,,,
599,,,
600,,,
601,,,
602,,,
603,,,
604,,,
605,,,
606,,,
607,,,
608,,,
609,,,
610,,,
611,,,
612,,,
613,,,
614,,,
615,,,
616,,,
617,,,
618,,,
619,,,
620,,,
621,,,
622,,,
623,,,
624,,,
625,,,
626,,,
627,,,
628,,,
629,,,
630,,,
631,,,
632,,,
633,,,
634,,,
635,,,
636,,,
637,,,
638,,,
639,,,
640,,,
641,,,
642,,,
643,,,
644,,,
645,,,
646,,,
647,,,
648,,,
649,,,
650,,,
651,,,
652,,,
653,,,
654,,,
655,,,
656,,,
657,,,
658,,,
659,,,
660,,,
661,,,
662,,,
663,,,
664,,,
665,,,
666,,,
667,,,
668,,,
669,,,
670,,,
671,,,
672,,,
673,,,
674,,,
675,,,
676,,,
677,,,
678,,,
679,,,
680,,,
681,,,
682,,,
683,,,
684,,,
685,,,
686,,,
687,,,
688,,,
689,,,
690,,,
691,,,
692,,,
693,,,
694,,,
695,,,
696,,,
697,,,
698,,,
699,,,
700,,,
701,,,
702,,,
703,,,
704,,,
705,,,
706,,,
707,,,
708,,,
709,,,
710,,,
711,,,
712,,,
713,,,
714,,,
715,,,
716,,,
717,,,
718,,,
719,,,
720,,,
721,,,
722,,,
723,,,
724,,,
725,,,
726,,,
727,,,
728,,,
729,,,
730,,,
731,,,
732,,,
733,,,
734,,,
735,,,
736,,,
737,,,
738,,,
739,,,
740,,,
741,,,
742,,,
743,,,
744,,,
745,,,
746,,,
747,,,
748,,,
749,,,
750,,,
751,,,
752,,,
753,,,
754,,,
755,,,
756,,,
757,,,
758,,,
759,,,
760,,,
761,,,
762,,,
763,,,
764,,,
765,,,
766,,,
767,,,
768,,,
769,,,
770,,,
771,,,
772,,,
773,,,
774,,,
775,,,
